content,tag
Anf 158 PER GAHRTON (mp),intro
Anf 159 Försvarsminister ROINE CARLSSON,intro
Anf 11 ARNE ANDERSSON i Ljung (m),intro
Fru ANÉR (fp) som yttrade,intro
Ordet lämnades på begäran till,intro
Herr Karlsson Oscar Gottfrid Herr talman Den fråga vi här behandlangäller huruvida man skall utsträcka rösträtten även till de yngre årsklassernand v s så att den även skall gälla dem som föregående år ha fyllt 21 årnDetta är ett krav som vi inom det parti jag har äran tillhöra under en långnföljd av år ha velat förverkliga Men vi ha inte lyckats komma därhän,intro
Herr statsrådet ERICSSON Herr talmann Flera talare ha framhållit att förslagetn avser att i någon mån stödja strävandenan att exportera mera på hårdvalutamarknadernan och framför allt pånFörenta staterna Det har vidare sagtsnatt vi behöva en större differentiering avnvår export eftersom det nu i huvudsaknär tre varugrupper som komma i fråganmassa malm samt järn och stål Om vinskola ha möjligheter att få de inkomsternfrån t ex Förenta staterna som vi Önskan för att kunna köpa där ute tror jag vinmåste lägga ned mera arbete än vi hangjort tidigare för att på ett mera beständigtn sätt komma in på den amerikanskanmarknaden Det har framhållits att detnsäkerligen kan ske utan dessa stödåtgärdern i varje fall när det gäller de störrenföretagen Det kan ligga någon sanningni detta i fråga om de större företagennMen detta förslag syftar främst till attnunderlätta för de mindre företagen attnkomma ut med sina varor,intro
Herr Johansson i Uppmälby Herr förste vice talman ärade kammarledamötern Jag blev litet förvånad när denna motion väcktes och blev remitteradn till jordbruksutskottet Denna motion är väckt av ett par ledamöter inden så kallade jordbruksutredningen och de väckte denna motion innan ens derasn kommittébetänkande fanns tillgängligt i tryck Det var ju först under börjann av detta år som detta kommittébetänkande kom till allmänhetens kännedomn Jag förstår mycket väl dessa sakkunniga De hava väl resonerat som sånatt alla de förslag som de lägga fram äro så utomordentligt väl avfattade attndet är ingen möjlighet att det kan komma någon kritik från något håll däremotn I annat fall tycker jag att de skulle åtminstone hava dröjt till dessnatt remisstiden hade utgått eller åtminstone till dess att deras betänkande funnitsn tillgängligt i tryck,intro
Försvarsministern LARS DE GEER erhöll ordet för att besvara ÅkenPolstams (c) den 2 mars anmälda fråga 197879398 och anförde,intro
Herr Gustavson Herr talman Det hittills tillämpade systemet i fråga omnfamiljebeskattningen har råkat i en återvändsgränd Verkningarna av å enansidan de bevillningsfria skatteavdragen och å den andra den allmänna omsättningsskattenn som just drabbar de barnrika familjerna hårdast korsa varandran och ett ganska förvirrat läge föreligger obestridligen Det synes somnom en utredning vilken berör båda dessa faktorer vore synnerligen välmotiveradn Systemet med rabatter som plåster åt omsättningsskattens offer görnicke läget klarare,intro
Herr Andersson Gustav Emil Herr andre vice talman När jag hörde herrnBjörkmans yttrande kunde jag inte underlåta att komma med en gensaga Jagnbor själv i en utpräglad småbrukarbygd med små skogsarealer men det harnallmänt omvittnats från skogssakkunnigt håll att uttaget av gagnvirke pernhektar blir lika stort i välskötta småbondeskogar som i de stora bolagsskogarnanFör en del år sedan gjordes en undersökning i två län nämligen Uppsala länndär det finns rätt många storbolagsskogar och Kronobergs län som är ettnav de mest utpräglade småbrukarlänen Det visade sig att av den samladenskogsarealen var det uttaget förhållandevis mera gagnvirke i Kronobergs lännän i Uppsala län Detta visar att småbondeskogsbruket kan väl hävda signmot storskogsbruket när det förra sköts på rätt sätt som numera i allmänhetn sker Av herr Björkmans resonemang måste man ovillkorligen draga dennslutsatsen att han menar att det är viktigare att bolagen få behålla sinanstora skogar än att mindre jordbrukare få litet mera skog för att kunnanexistera på sina i övrigt inte fullständiga jordbruk Det går ju inte att skapansådana familjejordbruk överallt i skogsbygderna utan det måste bli kvarnen del mindre gårdar vilkas ägare skaffa sig inkomster utanför gårdarnanoch det sker då i regel i skogarna genom skogsarbete eller körning Även om denha tillräckligt med skogsmark händer det ofta att de kunna hinna med mernarbete än avverkningen i egen skog Det är väl att de finnas för att avverkani bolagsskogarna Men skulle alla de ofullständiga jordbruk som kunna blinnågot så när självförsörjande genom tillförsel av mera skog inte få någonnsådan bli de så ofullständiga att ägarna måste lämna dem och det blir en avfolkningn just i och omkring storskogsbruket Då kan man fråga sig vem skallnutföra arbetet i dessa stora skogar när man inte längre har de personer somnförut haft rikligt arbete där till både bolagens och sin egen fördel De ha haftnen inkomst där vid sidan av sitt lilla jordbruk och sin skog,intro
Herr BERGH RAGNAR (h),intro
Herr BERGH RAGNAR (h),intro
Herr ANDERSSON BIRGER (s)nHerr talman Jag ber att få yrka bifalln till utskottets förslag,intro
Herr Paulsen Herr talman Jag måste säga att det förefaller mig mycketnegendomligt att den där järnvägen icke trafikeras Här ligger en järnväg fixnoch färdig en Järnväg som underhålles en järnväg som håller sig med personaln men ändå sköter man trafiken med bussar Det måste väl ändå vara dyrarenatt köra med bussar än att köra på järnväg ty gengasdrift är väl ändå denndyraste drift som finns och till på köpet är här också ont om bilgummi så attnde bilar som behöva förnya sina ringar icke kunna skaffa sig gummi Vorendet nu så besynnerligt om kommunikationsministern satte in en rälsbuss möjligenn med släpvagn för denna trafik Såvitt jag hörde rätt svarade kommunikationsministernn att det blir dyrt att köpa rälsbussen men herr statsråd ickenskulle det väl behöva köpas en rälsbuss för att trafikera en sådan liten sträckanMan har väl ändå i hela det stora järnvägsnätet här i landet så pass mycket pånlager av den varan av rälsbussar och släpvagnar att man icke skulle behövanköpa sådant utan kan skicka dit vad som behöves,intro
Anf 91 BIRGIT FRIGGEBO (fp),intro
Herr Åkerlund Herr talman Jag förstår inte det resultat vartill utskottetn kommit och det under dessa tider då man söker på alla möjliga sätt främjanegnahemsrörelsen vilket främjande jag hoppas framdeles skall ske på ett bättrenoch sundare sätt än det som här tagit sig uttryck,intro
GUNNEL JONÄNG (c),intro
Herr Andersson i Vigelsbo Herr talman Herr Lövgren har ansett signböra tacka herr statsrådet och chefen för socialdepartementet för det svar hannfick Jag anser mig pliktig att i min tur framföra ett tack till herr Lövgrennför att han fört på tal denna enligt min mening synnerligen viktiga fråga angåenden den illojala konkurrensen,intro
Herr Lindskog Herr talman När jag hörde socialministern yttra sig ochnhörde herr Lövgren tacka honom och visa sina flaskor kunde jag inte motstån frestelsen att erinra om en liten episod som hände för några år sedan dånjag i konstitutionsutskottet tillåtit mig att göra anmärkning mot ett lån somnhade lämnats till ett skönhetsinstitut Jag påvisade då från denna talarstolnatt precis dessa illojala metoder hade använts av detta skönhetsinstitut somnfått stöd från statens sida ,intro
Herr Vougt Herr talman Det förvånar mig att herr Lindskog i dettansammanhang uttalar att det skönhetsinstitut som för några år sedan förekomn i konstitutionsutskottets handlingar skulle bevisligen ha använt illojalanmetoder Det är mig inte bekant Men jag vet att den gången gällde det attnförhindra betydande avskedanden inom firman Det var således ett arbetslöshetsproblemn som det gällde då och ingenting annat,intro
Herr Lindskog Herr talman Jag vill endast tillägga att jag vid ifrågavaranden tillfälle stod i denna kateder och med en flaska i handen utförligt bevisaden och sedan för socialministern också visade hurusom illojala affärsmetodern hade använts,intro
Herr Sederholm Herr talman Jag har begärt ordet närmast för att återtagan mitt förut framställda yrkande om ändring av utskottets uttalande 1 en,intro
Herr JACOBSSON PER (fp),intro
Herr Olsson i Kullenbergstorp Herr talman Jag kan verkligen inte förstån att Kungl Majts proposition kan befordras genom de spetsigheter som härnutkastats mot de olika reservanterna Det ser ut som om vi hade gJort någotnsärskilt svårt högmålsbrott ty det är tämligen ovanligt i kammaren att mannpersonligen blir åtgången så som skett i detta fall,intro
Herr Linderot Herr talman Jag tror inte att vi skola låta detta förslagnutan vidare bifallas av riksdagen Jag kan inte förstå annat än att härnbegås en mycket grav orättvisa emot den arbetarkår som det här gällernnämligen sjöfolket Det har inte framförts några skäl som kunna betraktasnsåsom hållbar motivering för att man skall konfiskera en viss del av den avlöningn som sjömännen under livsfara intjäna till sitt levebröd Det talas sånvackra ord om det uppoffrande svenska sjöfolket hur modiga dessa sjömännäro som utsätta sig för risken att bli minsprängda bombade torpederadensom riskera sina liv för att frakta varor hem till Sverige så att svenska folketsnförsörjning skall kunna tryggas i görligaste mån Men sedan man sålundanprisat dessa modiga sjömän konfiskerar man deras intjänade avlöning till ennviss del Man föreslår här att den förhöjning de få av lönen på grund avnkrigsrisken skall insättas i svensk sparbank och viss del av sålunda insattnbelopp skall kunna innehållas upp till två år,intro
Herr Linnér Herr talman TI avseende å föredragningen av nu föreligganden utlåtande hemställes att detsamma må företagas till avgörande punktvisnoch punkten A på det sättet att till en början föredrages det av utskottet därintillstyrkta lagförslaget paragrafvis med slutstadganden ingress och rubriknsist varefter utskottets hemställan föredrages att vid behandlingen av dennparagraf varom först uppstår överläggning denna må omfatta utlåtandet indess helhet samt att lagtext ej må behöva uppläsas i vidare mån än sådant avnnågon kammarens ledamot begäres,intro
Herr LOTHIGIUS (h),intro
Herr THYLÉN (h),intro
Herr Meyerhöffer Herr talman Min lilla stillsamma anmärkning motnherr Lövgren utlöste ju ett fruktansvärt vredesutbrott Jag fick också ennorlovssedel av honom vari han talade om ofog förräderi emot länet och dyliktnsamt om allt det politiska renhållningsarbete han uträttat i Norrbotten Menndessa saker herr talman kan det vara onödigt att replikera mot,intro
Herr HECKSCHER (h),intro
Herr Olsson i Kullenbergstorp Herr talman Den föregående ärade talarenn anmärkte på och var förvånad över min ställning i denna fråga Jag fårnsäga att jag blev verkligen något förvånad över den kompromiss som träffadesnbeträffande frågan om avsättning till rusdrycksmedelsfonden Det hade jagnverkligen stor anledning att bli Den som icke hör till de inre cirklarna närnsådana kompromisser göras har verkligen svårt att få reda på vad ordennbetyda Vanligt folk som jag tror alltid att orden ha en betydelse att denicke blott stå liksom på parad Detta har gjort vilket jag sade i mitt förstananförande att jag ställt frågan under debatt i kammaren Jag skall mednstörsta jämnmod taga utgången Men jag tror verkligen att när man fattarnett beslut det är av vikt icke minst för statsutskottet att man har reda pånvad man avser med detta här i riksdagen Det gick ju så lekande och lätt medndenna kompromiss beträffande avsättningen till rusdrycksmedelsfonden Detnsåg ut alldeles som om det var rent av avtalat hur det skulle vara Man tycktentill och med att alla lämnade sina meningar bakom ryggen Om man frånnförsta början sedan det nya tillkommit slagit in på en sådan väg att manninte oupphörligen år efter år skulle behöva kivas om denna sak om vilkanslags anslag som skola utgå ur denna fond och vilka icke skola utgå därurnså hade det väl varit en mycket god sak,intro
Herr CarlssonFrosterud Herr talman Det är ju något nytt att finnanherr Olsson i Kullenbergstorp ute i fredssträvandenas tjänst Hans maning tillnenighet låter emellertid något sökt då man vet vilken ställning herr Olsson harnintagit vid behandlingen av rusdrycksmedelsfonden vid denna riksdag Dånman föreslog visst tillägg till 2 8 i Kungl Majts förslag motsatte sig herrnOlsson det med all kraft Då ville han inte att några medel skulle tagas urnrusdrycksmedelsfonden för något ändamål Men när det nu genom riksdagensnbeslut åstadkoms det tillägget att medel ur fonden kunna tagas för åtgärderntill nykterhetens befrämjande kommer herr Olsson och vill taga medel för alltnmöjligt ur fonden När han första gången inte fick sin vilja fram och intenkunde förhindra att tillägget blev gjort så vill han nu utnyttja fonden på detnsättet att för motverkande av allt som kan anses vara en sorglig följd av rusdryckshanteringenn medel skall tagas ur denna fond t o m när det gällernsmugglingens bekämpande Jag menar då att det är tämligen långsökt avnherr Olsson att vädja till oss som söka förfara i överensstämmelse med lagensnanda och mening att i enighetens tecken ge efter och giva honom rätt åtminstonen på en punkt Jag för min del finner i det nu föreliggande ärendet ingennanledning därtill och jag vidhåller mitt yrkande,intro
LARS TOBISSON (m) replik,intro
Herr JOHANSSON i Norrköping (s),intro
Herr andre vice talmannen erhöll på begäran ordet och anförde Herr talmann Jag hemställer att kammaren för sin del ville besluta att ett särskiltnutskott bestående av tjugufyra ledamöter tolv från vardera kammaren skallntillsättas för behandling av ej mindre Kungl Majts proposition nr 122 angåenden förstatligande av den allmänna väghållningen på landet än även denytterligare framställningar som kunna komma att av Kungl Majt eller inenskilda motioner göras i detta ämne eller andra i omedelbart samband därmedn stående frågor ävensom att första kammaren skall inbjudas att i dettanbeslut förena sig med andra kammaren,intro
Herr VELANDER (kort genmäle)nHerr talman Jag noterar med tacksamhetn det anförande som hölls av utskottetsn vice ordförande och som innefattaden ett erkännande av att han för sinndel nödgades instämma i det mesta avnvad reservanterna ha anfört Han underströkn mycket starkt att det var fråganom ett provisorium i avvaktan på dennreglering av ortsavdragen som skyndsammastn möjligt borde äga rum Jag villndärtill endast säga att det med hänsynntill skatteunderlaget ute i kommunernanär uteslutet att man vid den regleringenn kommer fram till att detta provisoriumn kan bliva beståndande,intro
Herr HERLITZ Herr talman Vad herrnSten sade i slutet av sitt anförande berörden en hjärtesak för mig Han villentolka min opposition här i dag mot ettnenligt min tanke fullkomligt felriktat ochnicke genomtänkt uppslag så att jag skullen ha en konservativ inställning i fråganom vår författning Vid otaliga tillfällenn har jag dock här stått och predikatniust detta som jag hade glädjen att höranherr Sten nu åberopa nämligen att vinleva i en dynamisk tid och att dennantid kräver omskapande av vår författningn i varjehanda hänseenden Detta ärnför mig alldeles självklart och jag ärnglad över det intresse som herr Stennockså visat för denna tanke,intro
ANDERS DAHLGREN (c),intro
Jordbruksministern ERIC ENLUND,intro
Fru KRISTENSSON (m),intro
Fru SKANTZ (s),intro
Herr WIKLUND i Stockholm (fp),intro
Herr kommunikationsministern NORLING,intro
Herr HANSSON GUSTAF HENRYn(h),intro
Herr SCHÖTT (h),intro
Herr LARSSON i Luttra (cp),intro
Herr CARLSSON i Bakeröd (cp)nHerr talman Andra lagutskottet har,intro
Herr Lindman Herr talman När riksdagen i fjol fattade sitt beslut mednanledning av Kungl Majts proposition nr 50 angående ny härordning beslötnriksdagen att detta anslag skulle utgå med 700000 kronor om året Det varnväl då riksdagens mening att man skulle för varje år använda ett belopp avn700000 kronor för härens och befälets övning och inte för besparing Besparingarn måste visserligen uppkomma på ett reservationsanslag som herr Andersonn i Råstock anförde men riksdagens mening har väl varit att det skall användasn för sitt ändamål att det är en nyttig sak och en nödvändig sak attnhären erhåller den övning och utbildning som ligger i anordnandet av fälttjänstövningarn och inte att det skall inbesparas Sålunda menar jag att om riksdagenn bara i detta fall vidhåller vad riksdagen vid tillskapandet av härordningsförslagetn i fjol var inne på och då biföll nämligen ett anslag av 700000nkronor om året skulle det vara alldeles uppenbart att riksdagen skulle anslån700000 kronor minst vid detta år då ännu inte reduktionen har trätt i kraftnbeträffande truppförbanden Egentligen skulle riksdagen anslå mera då reduktionenn av härens styrka ej trätt i kraft när detta anslag skall användasnmen jag skall lämna denna sak åsido Det är för mig alldeles självklart attnman har menat att använda detta anslag för att öva hären Jag skall endastninskränka mig till det påpekandet som är gjort i motionen att de 640000nsom nu äro begärda inte 700000 utan 640000 inte äro jämförbara ens medndet som riksdagen i fjol beslutade på grund av att dessa traktamentsersättningarn som herr Jönsson i Revinge har påpekat förut utgått från andra anslagnmen nu skola tagas av detta Det är uppenbart att det anslag som man inrealiteten lämnar jämfört med vad man förut lämnat är relativt mindre än den640000 Det synes mig därför herr talman alldeles i strid mot vad riksdagennuttalat i fjol om riksdagen nu gick på bifall till reservationen,intro
Chefen för finansdepartementet herr statsrådet Wigforss Herr talmannJag ville bara säga ett par ord om ett argument som några gånger anförtsni debatten och det är att eftersom riksdagen vid försvarsreformens genomföranden föreslog att till fälttjänstövningar skall utgå 700000 kronor skallnman i år inte kunna tänka sig någon lägre siffra I denna punkt rör det sig omnett obetydligt belopp men om den principen genomfördes att alla anslag somnriksdagen förra året beslöt skola gå ut sedan den nya härordningen blivit genomfördn skulle utgå omedelbart och innan de motsvarande besparingarnangjorts då bleve det omöjligt att göra upp en budget under nuvarande förhållandenn Det är bara detta jag vill påpeka att det är och blir nödvändigt attnunder denna övergångstid när så mycket av det gamla står kvar och krävernkostnader försöka spara och draga in även på de poster som man vet kommanatt stiga i det ögonblick den nya härordningen är genomförd,intro
Anf 37 BENGT HARDING OLSON (fp),intro
Herr De Geer Herr talman Orsaken till att jag kommit att tala motnmotionen nr 9 och utskottets utlåtande är framför allt att rekommendationernan sträcka sig utanför fredskrisens ram Man går betydligt längre HerrnNilsson i Stockholm yttrade nyss att när det enskilda näringslivet får planerasn på lång sikt varför skulle icke då statsmakterna få planera på långnsikt  jo naturligtvis  men om planeringarna icke begränsa sig till åtgärdern mot fredskrisen dess bekämpande och dess följdverkningar blir det ettnannat förhållande Jag skymtar emellertid i synnerhet bakom motionen och innågon mån bakom utskottets utlåtande planer och förslag som rikta sig motnsjälva grundvalen för vår nuvarande ekonomiska samhällsordning Det är motndessa rekommendationer och planer jag vill höja en varnande röst,intro
Herr Nylander Herr talman Då jag gått fram med denna motion harndet varit i den livliga föreställningen och uppfattningen att ett uppenbart felnbegåtts i tullbehandlingen av dessa s k klädda elektroder och jag får säga attnför varje tekniker som sysslat med detta har det varit mycket svårt att kunnanförstå hur man kunnat inrangera denna vara under rubriken löd och svetsmedeln,intro
Herr Nylander Herr talman Denna angelägenhet är givetvis av väsentligtn större betydelse för vårt lands handel än den föregående frågan Det är junså att förbrukningen inom Sverige av gummiklackar har blivit synnerligen stornde sista åren beroende därpå att den ena skofabriken efter den andra har gåttnin för att redan vid sin nytillverkning förse skodonen med gummiklackar Ändanintill år 1926 var tullen på gummiklackar 1 krona 20 öre för kilogram Dånsattes emellertid tullen på en gång ned så lågt som till 50 öre för kilogram Pångrund av denna stora prissänkning har det varit synnerligen svårt för de svenskan gummifabrikerna att kunna följa med i konkurrensen,intro
Herr LASSINANTTI (s) kort genmäle,intro
Herr JANSSON i Kalix (s),intro
Anf 90 PER UNCKEL (m),intro
Herr LUNDQVIST Herr talman Redann en mycket flyktig granskning avnstatsverkspropositionen visar att det ärnmycket avsevärda nedskärningar av denstatliga investeringarna som regeringennnu föreslår,intro
Anf 76 RUNE JOHANSSON (s),intro
Herr Bondeson Herr greve och talman Jag skall endast en kort stundnupptaga kammarens tid då debatten dragit så långt ut Men när landsbygdsrepresentantern framhållit olägenheter av den tvååriga fortsättningsskolan villnjag säga att jag tycker att det är mycket oklokt av landsbygdens representantern att på minsta sätt vilja försämra skolväserdet på landsbygden Vinha i den socken där jag bor för rätt länge sedan genomfört den tvååriganfortsättningsskolan och det är klart att den medför olägenheter lika väl somnfördelar Att det gnisslar ibland må vara sant men då får man alltid försökan finna någon utväg Att det är en ekonomisk uppoffring för föräldrarnanatt hålla sina barn i skolan när de äro så gamla att de kunna hava förvärvsarbeten är sant och det finnes fall då kommunen måste träda hjälpande emellann för att barnen skola kunna gå i skolan,intro
Herr Hage Herr talman Den fråga som här beröres har vid upprepaden tillfällen varit föremål för riksdagens behandling Det gäller ju att sökanåstadkomma att de livräntetagare och understödstagare som ha ersättning enligtn den gamla olycksfallsförsäkringslagen av 1901 och som uppbära en mycketn mindre ersättning än de som åtnjuta ersättning enligt den nya lagen avn1916 skola kunna få något litet tillskott för att få det en smula bättre ställtnoch med avseende på sina inkomster komma litet närmare de livräntetagarensom få sin ersättning enligt den nya lagen De människor som det här gällernatt hjälpa äro i allmänhet tämligen gamla och de äro ej så många till antaletnAllteftersom åren gå blir deras antal mindre och mindre och man torde kunnan göra det påståendet att om en sådan reform som den jag ifrågasatt mednmitt utredningsförslag kunde genomföras så är det troligt att det icke skullenkosta staten så synnerligen mycket,intro
Herr GUSTAFSSON i Kårby (cp) erhölln på begäran ordet och yttrade,intro
Herr ESKILSSON (h),intro
ALEXANDER CHRISOPOULOS (vpk),intro
Andre vice talman CHRISTER EIREFELT (fp),intro
LARS AHLSTRÖM (m)nFru talman För oss som hade förmånen att vara med och följa debatternani Östersund framgick det med all önskvärd tydlighet att ekonomin är ödes,intro
Hans excellens herr ministern för utrikesärendena Trygger Herr talmannmina herrar Konstitutionsutskottet har mot mig gjort anmälan enligt  107nregeringsformen på grund av det enligt utskottets förmenande felaktiga sättnvarpå jag handlagt de vid tullkonferensen i Geneve förekommande ärendennEnligt utskottets mening skulle jag ha underlåtit att i den omfattning vartillngrundlagens stadganden bort föranleda rådpläga med utrikesnämnden Visserligenn har jag den 4 april 1930 innan frågan om de vid konferensen uppgjordan förslag till internationella överenskommelser inför Kungl Majt föredragitsn till godkännande och undertecknande vid sammanträde av utrikesnämndenn redogjort för dessa förslag Konstitutionsutskottet har emellertidngjort gällande att redan instruktionen för Sveriges ombud vid konferensennbort underställas utrikesnämnden liksom ock att densamma bort sammankallasn under den notväxling som under konferensens lopp ägt rum mellan utrikesdepartementetn och nämnda ombud,intro
Herr Jonsson i Eskilstuna Herr talman Jag har ju minst av allt någonnanlednirg att här uppträda till försvar för de borgerliga partierna i denna frågan eller för motionärerna Men rätt skall vara rätt och man bör uppmärksamman att uti dessa motioner även pekats på vikten och nödvändigheten av,intro
Herr WEDÉN (fp),intro
Anf 46 ÅKE WICTORSSON (s),intro
Anf 44 Statsrådet BIRGITTA DAHL,intro
Anf 230 PERRICHARD MOLÉN (m) replik,intro
Herr Winberg Det skall icke falla mig in att här taga upp någonn debatt med herr statsministern rörande den mönstergilla nykterhetslagstiftningn som vi enligt hans uppfattning lära ha här i landet ty pånden punkten skulle jag tro att vi hava åtskilligt divergerande uppfattningn Jag skulle dock vilja säga att med den erfarenhet man har omndenna lagstiftnings verkan här i landet vore det kanske skäl att uttalansig litet mindre bestämt om de mönstergilla egenskaper den har,intro
Herr Lundell Herr talman Jag kanske kan börja med att svara på detnsom herr Thorell här senast påtalade Det är nämligen en sak som vi vänt ochnvridit på en hel del inom utskottet Den formulering som står i utskottetsnförslag påföras den skattskyldige för år 1939  är nog utan tvivel riktign Den kronodebetsedel som vi fingo i höstas upptar nämligen kronoskattennför år 1939 som skall betalas dels i november 1939 och dels i maj 1940 Påndebetsedeln står nämligen Kronodebetsedel för år 1939 Det är det tekniskan uttryck som användes i författningen Skulle man däremot taga den formuleringn som står i Kungl Majts förslag  påföras den skattskyldige pångrund av taxering för år 1939  skulle man snarare kunna komma att framkallan det missförståndet att det skulle avse taxeringen för 1939 års inkomstnDetta är ju icke meningen utan meningen är att skatten skall gälla för 1938nårs inkomst eller motsvarande beskattningsår Den formulering som nu ärnföreslagen är utan tvivel riktig Den formulering som herr Thorell här framkastaden såsom en möjlighet  på grund av taxering år 1939  d v s ennstrykning av ordet för ha vi icke kunnat godkänna därför att värnskattennskulle gälla även den eftertaxering som eventuellt framdeles kunde kommanpå 1938 års inkomst i vilket fall taxeringen icke kunde sägas vara utförd vidn1939 års taxeringsförrättning men i alla fall skall följas vid efterdebiteringennav värnskatt Det är dessa omständigheter som gjort att formuleringen blivitnden nu föreslagna Och den är nog absolut riktig det ha alla på sistone varitnense om,intro
Herr Olsson i Gävle Jag nödgas herr talman korrigera några av de uppgiftern herr Lundell så välvilligt strödde omkring sig I fråga om investeringsfondernan föreligger ju den lilla skillnaden att den lagstiftning som nu föreslåsn till övervägande del är avsedd att ersätta en lag som ägt tillämpning sedann 1938 Om man inte kopplat ihop dessa frågor skulle två lagar samtidigtnha kommit att gälla beträffande investeringsfonderna,intro
Anf 27 KJELLOLOF FELDT (s) replik,intro
88nOrdet lämnades på begäran tillnHerr GUSTAFSSON i Skellefteå (fp),intro
som yttradenHerr talman Jag tillåter mig hem,intro
Herr GUSTAFSSON i Borås (fp) som,intro
yttrade,intro
Anf 109 GUNNAR BJÖRK i Gävle (c) replik,intro
Chefen för justitiedepartementet herr statsrådet EkebergnHerr talman Vad konstitutionsutskottets ärade ordförande här harnanfört kom för mig en smula överraskande då jag vid resonemangnmed de sakunniga icke fått samma intryck som han Jag vände migndärför nu till de sakkunnigas ordförande som för mig mycket kategorisktn förklarade att han anser att det nu föreliggande förslagetnäven om det skulle stanna vid detta avgjort är att föredraga framförnden nu gällande ordningen Jag vill också framhålla att det åberopaden yttrandet på sidan 7 i de sakkunnigas betänkande närmastnär riktat mot ett införande av länsvalkretsar utan alla komplementnMen här föreslås ju dock i propositionen det komplement som av densakkunniga framhållits såsom det allra viktigaste nämligen dennförändrade sammanräkningsmetoden,intro
Herr Vennerström Jag vill i största korthet som norrlänningn nedlägga en protest mot herr Olssons i Rösta metod att talanå hela Norrlands vägnar Jag har nyligen varit hemma och blev dånuppringd av redaktören för den ledande liberala tidningen i Ångermanlandn nämligen Västernorrlands Allehanda Han bad mig uttryckligenn å sitt partis vägnar att jag skulle i riksdagen inlägga ennbestämd protest mot att herr Olsson i Rösta och hans medmotionärernskulle tala å det samfällda Norrlands vägnar Jag har velat fullgörandet uppdraget och jag vill därjämte tillägga att även den ledandenhögertidningen i samma landskap nämligen Härnösandsposten harnlika bestämt uttalat sig till förmån för de stora valkretsarna,intro
Herr Olsson i Rösta Herr talman Jag ber att få framhållan att jag inte talade å Norrlands vägnar i vidare mån än attnjag talade å ett flertal Norrlandsrepresentanters vägnar vilka undertecknatn den av mig avgivna motionen Det var endast detta jagnville säga,intro
Herr Ström Herr andre vice talman Den motion som här föreligger ärnju mycket behjärtansvärd och man borde naturligtvis i någon mån tillgodosende önskemål som där framföras Det kan emellertid icke vara något intressenför staten att gå in för pensionering av vissa grupper och i detta fall små gruppern försåvitt det icke ligger något annat bakom som motiverar detta TI annatn fall borde man ju från det allmännas sida sträva efter att genomföra ennpensionering för alla grupper med så pass stora belopp att vederbörande kundenleva på de utgående understöden Här är det emellertid faktiskt på det sättetnatt det verkligen ligger ett annat önskemål bakom nämligen tillgodoseendetnav trafiksäkerheten vilket skulle kunna motivera att denna fråga upptogesntill särskild behandling Man kan ju motivera det därmed att när statens järnvägar,intro
Herr Gardell i Gans Herr talman Jag kunde ha nöjt mig med att instämman med den föregående talaren Jag vill emellertid också framhålla attndå endast 48 Zz av delägarna i marken kunna påföras kostnader för utdikningnså ha de icke kunnat betala dessa kostnader Det finns vidare ingen beräkningsgrundn Man vet inte hur man skall beräkna då en stor del av båtnadsJordenn är borta Man vet inte hur uttaxeringen skall ske Saken är synnerligenn behjärtansvärd och en proposition skulle vara mycket välkommen J agnber att helt få instämma med föregående talare,intro
Herr Hagberg i Luleå Herr talman Jag skall inte med många ord försenan det beslut som riksdagen nu står i begrepp att fatta Jag har emellertidn tillsammans med herr Brädefors väckt en motion  nummer 751  i anledningn av Kungl Majts proposition och anser mig i varje fall böra yrka bifallntill densamma om inte annat så för att demonstrera vad Jag anser vara rättnoch billigt i denna fråga,intro
Herr Lindhagen Herr talman TI denna bollkastning om våra förmodandenn har jag begärt ordet för att angiva även min röstning och grunderna förndensamma,intro
Herr BOO (s) kort genmäle,intro
Herr Lundqvist i Rotebro Herr talman Jag ber att få uttala ett beklaganden av att statsutskottet har avstyrkt denna min motion med den synnerligenn behjärtansvärda och på samma gång mycket rimliga framställning somnden inrymmer Förhållandena måste ju anses ganska anmärkningsvärda Jagntillåter mig fästa kammarens uppmärksamhet på att detta stora övningsfältnsom ligger alldeles utanför Stockholm mitt inne bland de norra förstädernanmed ett fyrtiotal olika gårdar ännu inte är elektrifierat Jag skulle knappastn tro att det finnes några andra gårdar i hela Uppland med tillnärmelsevisn samma förutsättningar som ha det så dåligt ställt i nu förevarande avseenden som alla dessa gårdar på kronans egen mark,intro
Herr WEHTJE (kort genmäle) Herrntalman Jag skulle endast med någranord vilja bemöta herr Björnsson i vadnhan anförde till bankofullmäktiges försvarn för sitt handlande Jag tycker attnhan skjuter över skulden i alldeles för,intro
Herr BJÖRNSSON (kort genmäle) Vinbehöva inte leva bara på våra lagernherr Wehtje Vi beräkna att till hårdvalutaländern kunna exportera varor ochntjänster för 1500 miljoner kronor omnåret och det är det vi skola leva pånMen vår valutarereserv på 400 miljonernkronor kunna vi såvitt jag förstår behållan oförändrad,intro
Herr DICKSON Herr talman Jag instämmern i vad fru Boman nyss anförtnUtöver detta skulle jag vilja tillägganatt vi nu synas leva i en alltmer materialistisktn betonad värld Samhällsmoralensn utveckling är i många styckennmycket oroande Det vore då tyckernjag befogat att man från riksdagensnsida sade ifrån och underströk att ävennde andliga och religiösa värdena ha sinnplats i samhället och att de intressennsom ligga på det planet inte böra sättasni efterhand jämfört med de mer profanan intressena,intro
Herr PETTERSON i Degerfors Herrntalman Jag vill bara med några ordnbemöta en del påståenden Det har sagtsni debatten att de religiösa intressenanställts i särklass Det är ingalunda påndet sättet Om de religiösa intressenanstå i särklass är detta beroende på attnde ställt sig där själva Förordningennom statsbidrag till samlingslokaler sägern bara att lokalerna skola upplåtasntill allmänheten i skälig omfattning Detnär ju också alldeles naturligt att detnmåste vara på det sättet Vi behöva barantaga som exempel att det på en viss ortnute på landsbygden inte finns någonnsamlingslokal Om man nu där sökernanslag för att bygga en bygdegård ctt,intro
Anf 143 MARGÖ INGVARDSSON (vpk) replik,intro
Anf 144 LENA ÖHRSVIK (s) replik,intro
ö I sö  derby i LundnHerr Thorell Herr talman Då jag har begärt ordet i denna punkt som ren av n,intro
Herr WIJKMAN (m),intro
Herr Norman Herr talman Jag har biträtt statsutskottets förslagn i denna fråga trots att även jag är motionär När jag gjordendetta var det för att jag inte ville spänna bågen för högt jag fruktaden att äventyra icke blott motionärernas förslag utan att mannt o m kunde riskera att helt och hållet förlora anslaget till ifrågavaranden hamn Som bekant var nämligen fiskehamnskommissionenntveksam huruvida den alls skulle förorda denna hamns upptagandenbland dem till vilka statsbidrag skulle utgå,intro
Anf 38 Finansminister KJELLOLOF FELDT,intro
Herr Ekströmer Herr talman Vid genomgående av den allmänna avdelningenn 1 förevarande proposition kan man ej undgå att lägga märke tillnmed vilken lätt hand herr finansministern halkar förbi den kanske allra viktigasten faktorn i dagens ekonomiska oro här i landet nämligen de rörliganlönerna Man konstaterar blott med tillfredsställelse påpekandet att i längdenn ingen vinner på detta slag av lönesättning,intro
Anf 45 STIG ALEMYR (s) replik,intro
Anf 46 Utrikesminister LENNART BODSTRÖM,intro
Herr BERGH RAGNAR (h),intro
Herr ANDERSSON BIRGER (s),intro
Herr Petrén Alfred Endast ett par ord Greve Spensnnämnde i sitt första anförande att tillgången på platser för tvångsinterneringn av alkoholister var otillräcklig Så är icke förhållandet Allantill statens alkoholistanstalt anmälda hava sedan återflyttningen tillnVenngarn ägt rum omedelbart kunnat mottagas Högsta beläggningssiffrann på Venngarn har varit 104 vilket är föga över den normala beläggningenn Men anstalten kan betydligt överbeläggas och under dennanmånad har det för övrigt visat sig en nedgång antalet har nämligennminskats med fem sedan den 1 april och nu kommer en tid då utskrivningarnan bli talrikare ty utskrivningar äga framför allt rum under denårstider då det är lättare att anskaffa arbete Vidare är det så att ennav de erkända anstalterna den vid Lerjeholm icke är mer än till hälftennbelagd,intro
Herr Elofsson Gustaf Herr talman Då jag hörde statsrådet Sträng redogöran för underhandlingarna vid uppgörelsen om sockerbetorna kunde jag intenunderlåta att begära ordet När en regering drar ut på förhandlingarna så somnskedde den gången man kunde på flera platser inte så betorna förrän fjortonndagar senare än som eljest hade varit möjligt  kan man väl ändå inte säganatt det är tillfredsställande I ett tal som jag har läst i tidningarna har statsrådetn Sträng framhållit att jordbruket har gudi väl fått tillräckligt  detnvar innan regeringens bud vid förhandlingarna höjdes sista gången Då skulle,intro
Herr von Sydow Då jag också befinner mig bland reservanterna här bernjag att få säga några ord Därtill kommer även den omständigheten att jag inmin dagliga gärning har mera att göra med sådana ting som det här är fråganom än flertalet av herrarna och jag bör därför anses känna till de faktiskanförhållandena i saken,intro
Arbetsmarknadsministern ROLF WIRTÉN,intro
PÄR GRANSTEDT (c),intro
Industriministern ERIK HUSS,intro
Herr förste vice talmannen Jag får hemställa att föreliggande utskottsbetänkanden föredrages på det sättet att det företages till avgörande punktvis ochnatt först föredrages punkt 2 sedan punkt 3 och sist punkt 1 med rättighet förndem som begära ordet under punkt 2 att yttra sig om utskottsutlåtandet i dessnhelhet,intro
Anf 11 MAJLIS LANDBERG (s),intro
Fröken LJUNGBERG (h),intro
Anf 47 LARS TOBISSON (m),intro
Statsrådet GÖRAN PERSSON,intro
ALF WENNERFORS (m)nHerr talman Det låter bra tycker jagnJag skulle bara gärna vilja få statsrådet med på en princip Vi är överens,intro
Herr SPÅNGBERG Herr talman Närnvi nu skola diskutera frågan om stödnåt svensk film bör man kanske börjanmed att konstatera att det inte gällernbidrag i den ordning vi är vana vid indenna kammare Tack vare nöjesskattenn är filmen som bekant en mycketngod inkomstkälla för staten och kommunernan och den kommer att bli detni fortsättningen även med ett bifall tillnnågot av de positiva förslag som hanframförts i motionerna och i utskottetsnförevarande utlåtande,intro
Herr MALMBORG i Skövde (fp),intro
Herr ÅKERSTRÖM (s),intro
Herr Jonsson Herr talman Jag får först säga att jag tycker att detnpapper varpå motionen är skriven behöver icke göra tankegången i densamman sämre ,intro
Herr Engberg Herr talman Tillåt mig då först säga att den omständighetenn att motionen var skriven på en matsedel borde ha verkat tilldragandenpå herr Rydéns gastronomiska instinkter och utgjort ett alldeles extra skäl attnställa sig välvillig till densamma,intro
Herr Bengtsson i Norup Herr talman Herr Engberg har beträffandenmin ställning till denna sak fått alldeles tag om bakfoten Jag har icke yttratnett ord vare sig i utskottet eller kammaren om att man borde föra folkets barnnin i den lärda skolan Jag har tvärtom i utskottet i likhet med motionärer frånnbondeförbundet verkat för att vi skola få en praktisk skola för landsbygdennvilken bereder allmänbildning och vilken såsom fallet är med folkhögskolornankan förhjälpa ungdomen till utbildning utan att de behöva komma in i den lärdanskolan Hade herr ecklesiastikministern varit närvarande här skulle jag vädjantill honom därom att den skrivelse som riksdagen beslutat verkligen på allvarntages upp så att man så mycket som möjligt kan undvika den lärda skolannför lantbrukarnas barn vilken lätt skapar avoghet mot jordbruket genom detnatt de helt komma ifrån denna näring,intro
Herr Rydén Herr talman Jag vill framhålla att herr Jonsson har ickenrätt i sin uppfattning att man icke skulle kunna tvinga på skoldistrikten ifrågavaranden lärare ifall det stadgades en allmän kompetens på det föreslagnansättet Ponera att till en tjänst söka så många personer som erhållit sin utbildningn såsom adjunkter att man måste fylla förslaget med dem Skolrådetngör ju upp sitt förslag efter objektiva grunder och det kan sålunda hända,intro
Herr Schedin För att icke ytterligare förlänga den redan nunlångt utsträckta debatten i denna fråga skall jag inskränka mig till attnhelt enkelt yrka avslag på motionen och utskottets betänkande samt bifallntill den vid betänkandet fogade reservationen,intro
Herr Hellberg Herr talman Jag hör till dem som menanatt detta är en liten fråga och denna min uppfattning synes mig bestyrkas,intro
Hans excellens herr ministern för utrikesn ärendena NILSSON,intro
Herr HAGBERG (k),intro
Herr SELLGREN (fp),intro
Herr ANDERSSON AXEL (fp) kortngenmäle,intro
Herr HERLITZ (h),intro
Chefen för justitiedepartementet herrnstatsrådet GEIJER,intro
Herr LANDGREN (s),intro
Herr Lindskog Herr talman Det var i fjol som riksdagen på initiativnav herr Björck i denna kammare och herr Sigfrid Hansson i första kammarennenhälligt uttalade sig för önskvärdheten av ett snabbare offentliggörande avnkammarens förhandlingar Den kommitté som sedermera tillsattes har enhälligtn avgivit sitt betänkande med förslag till ganska radikala förändringarnåsyftande genomförandet av de av riksdagen i fjol framförda önskemålen Nunhar emellertid konstitutionsutskottet på ett par reservanter när yrkat avslagnpå kommitténs förslag och det har gjort det med en ganska utförlig motiveringnsom i verkligheten innefattar tre olika punkter För det första har utskottetn förmenat att det ej skulle vara någon egentlig nytta med hela anordningenn med snabbare referat för det andra anses det att förslaget i praktikennskulle vara rätt svårt att realisera framför allt beroende på otrevnaden attnlåta ojusterade yttranden komma ut till offentligheten samt slutligen och förndet tredje anföres det att ett genomförande av grunddragen av de framfördanönskningarna skulle bäst kunna ske genom en mekanisk ljudupptagning somnvisserligen ej ännu är färdig i alla sina tekniska detaljer men som man hoppasnskall kunna bli det Denna framställning låter ju ganska förkrossande menndet är nog här som så ofta annars att man nästan bevisar för mycket Detnär ej heller utan att man tycker att det ena argumentet nästan slår ihjäl detnandra Jag skall tillåta mig att en mycket kort stund gå igenom de olikanpunkterna,intro
Chefen för finansdepartementet herrnstatsrådet STRÄNG som yttrade,intro
Herr EKSTRÖM i Iggesund (s),intro
Herr arbetsmarknadsministern BENGTSSON erhöll ordet för att besvaran herr Jadestigs (s) den 20 februari anmälda fråga nr 87 och anförde,intro
Herr JADESTIG (s),intro
Herr ÖHMAN (k)nHerr talman Jag ber att få yrka bifalln till motionen nr I 197,intro
Herr GILLSTRÖM (s)nHerr talman Jag ber att få yrka bifalln till utskottets förslag,intro
Herr BERG GUNNAR (s),intro
Herr von Sneidern Herr talman mina herrar Jag villnendast göra den bemärkningen vid denna lag att den nu har återkommitn i precis samma skick som den antogs av kammaren för endastn ett år sedan Under sådana omständigheter då kammaren ickenundergått någon större förändring så har såväl vid propositionensnframläggande som vid utskottets behandling av ärendet man utgåttnfrån den synpunkten att man föreställt sig att kammaren nu icke villnställa sig på annan ståndpunkt än den på vilken den så nyss ställtnsig Att ärendet återkommit beror som vi veta på att första kammarenn avslog propositionen förra året Jag skall därför icke nu ingånpå någon längre framställning av de skäl som gjort det nödvändigtnatt nu framlägga detta lagförslag så kort efter det 1918 års lag blivitnav riksdagen antagen,intro
Herr Johansson i Stockholm Herr talman Utskottet har i detta sitt avstyrkanden utlåtande hänvisat till att frågan om ett bibehållande av den statligan priskontrollen m m kommer under ny prövning 1947 Utlåtandet är docknfärgat av de remissutlåtanden i vilka framhålles att priskontrollnämnden är ennkristidsföreteelse som bör försvinna Samtidigt som utskottet deklarerar sinnsympati för den i motionen uttryckta önskan att monopoltendenserna skolanbrytas hänvisar det emellertid till att den frågan har lösts på ett annat sättnän det i motionen föreslagna genom den nyligen bifallna propositionen mednförslag till lag om övervakning av konkurrensbegränsning inom näringslivetnm m Statsrådet Myrdal yttrade nyligen  jag vill minnas att det var i Göteborgn  att de åtgärder som i olika länder vidtagits mot truster karteller ochnmonopol visat sig vara ganska verkningslösa men att han för sin del troddenatt vi i Sverige dock skulle lyckas därmed Men vad var nu innebörden i detnförslag som vi i går godkände Det var endast fråga om en övervakning avnmonopolbildningarna och kartellerna genom cen särskild institution vidarenpublicering av mera upprörande fall av monopoluppskörtning och rådplägningnmed företag som gick litet för långt Från vår grupps sida yttrade vi oss icke indebatten om denna proposition men jag tillåter mig i dag säga att det beslutntill vilket vi medverkade mera var ett konstaterande av en sjukdom än ettnanvisande av läkemedel mot densamma Handelsministern konstaterade i detnsammanhanget att den uppgiften skall ligga hos regeringen och att det helanbör ske genom tillskapandet av konkurrenskraftiga företag genom tullsänkningarn eller också genom socialisering eller förstatligande av de företag somnkomma i fråga Om man emellertid betänker hur långsamt denna apparatnarbetar och då man vet att av alla förslag om förstatligande som ställts insamband med arbetarrörelsens efterkrigsprogram ännu icke ett enda blivitnverkställt finner man att monopoluppskörtningen hinner ta mycket stora proportionern innan dessa åtgärder hinna komma till stånd Därför anser jag attnutskottets hänvisning till denna proposition och behandlingen av densammanicke ger mycket,intro
Herr Lindhagen Jag kan instämma med den siste talaren Regeringensnd v s herr Schlyters förslag är 1 alla fall en marsch framåt till att få ettnlekmannaelement till skillnad från det andra elementet Jag tycker han skulle,intro
Herr SVANBERG (s),intro
Herr WISTRAND erhöll på begärannordet och anförde Herr talman Mellannsvenska och polska regeringarna har denn16 november 1949 träffats ett avtal i syften att reglera svenska intressenters fordringsanspråkn på polska staten i sambandnmed polsk nationalisering kommunaliseringn eller liknande tvångsåtgärder frånnde polska myndigheternas sida,intro
Herr HEIDING Herr talman Gentemotn herr Eriksson vill jag blott säganatt motionärerna givetvis icke vilja skäran alla ämbetsverk över en kam och påstån att alla göra sig skyldiga till pappersexercisn och onödigt krångel Mennnog kunna vi väl vara överens om attndet borde vara möjligt att åstadkommanen hel del förenklingar inom statsförvaltningenn Vår tanke var att den av ossnföreslagna utredningen skulle få ta ställningn till dessa olika frågor och framläggan erforderliga förslag Motionärernasn avsikt har således icke alls varit attn1 detta avseende särskilt utpeka de verknsom vi talat om i motionen det är pånmånga områden förenklingar böra komman till stånd,intro
Fru RönnChristiansson Herr talman Herr Nilsson i Göteborg har talatnom olika slag av sjukhuspersonal Jag vill därvidlag reagera mot uttrycketnlägre personal därför att ju all personal är lika nödvändig för sjukhuset Beträffanden dåliga bostäder skall jag be att få draga fram ett exempel från ennstad som Göteborg Statsrådet Möller var för någon tid sedan där nere förnatt inviga ett elevhem för sjuksköterskorna och statsrådet yttrade då att hannvar tacksam för att personalen fick ett nytt och präktigt bostadskomplex Mennden övriga sjukhuspersonalen den s k lägre den fick krypa in i de där kyffenan som icke voro fina nog åt sjuksköterskorna den fick också övertaga dennönlen och annat bohag som heller icke passade i de nyblivna sköterskornas,intro
Herr Råstock Herr talman Jag väntade mig ju icke någon större gradnav förstående för de synpunkter jag framförde Men sådana vantolkningarnsom den sista talaren fru RönnChristiansson gjorde sig skyldig till troddenjag ändå icke skulle behöva förekomma när jag uttryckte mig så pass tydligtnJag sade det att jag tyckte det var att marschera något för fort när en personn som kanske tidigare hade bott i ett rum tillsammans med fem eller sexnandra kommer och begär att hon i anstalten omedelbart skall ha ett eget rumni löneförmån Jag sade visst också att när dessa hade varit anställda så passnlänge som ett par år eller tre så att landstinget kunde räkna på att få ha demnkvar så ansåg även jag att de borde få ensamt rum Och jag vågade tillläggan att landstingen och det allmänna i övrigt böra gå före med gott exempeln och skapa rimliga och goda och bekväma bostäder Jag vågar påstå attnjag alldeles icke har deklarerat någon avog inställning till detta problem utannalldeles tvärtom Jag vill bara ha det så att det skall vara någon måtta pånpretentionerna också och att landstingen böra få tid på sig för att ordna dennanfråga på ett tillfredsställande sätt,intro
Herr Thorell som jämväl på begäran erhöll ordet för kort genmäle yttradenHerr talman Till herr Severin vill jag ge det rådet att han icke fördjupar signmera i debatten ty då kommer det mer och mer fram hur litet han vet i frågannNär han sade att vi skola koncentrera gårdarna litet mera samman är hannhundra år efter sin tid Vi hade för hundra år sedan det så ställt att gårdarnanlågo i byalag men våra förfäder kommo underfund med att det var opraktisktnmed ägorna insprängda bland skogpartier och därför lade de gårdarna därnden odlade jorden fanns för att få ägorna så mycket som möjligt samlade Detnär en sak som vi sätta mycket stort värde på särskilt nu med hänsyn till gällanden kortare arbetstid och rådande brist på arbetskraft Det är absolut nödvändigtn att ha allting så nära och så bekvämt som möjligt och att ha så kortnväg som möjligt vid olika arbetens utförande Det är sålunda en mycket dålignrekommendation herr Severin kommer med,intro
Herr Thapper erhöll jämväl på begäran ordet för kort genmäle och anfördenHerr talman Jag vill gentemot herr Severin säga att till grund för utskottetsnutlåtande ligger icke bara motionen II 173 utan även en annan motion Vi haninom utskottet kommit till den uppfattningen att det finns vissa problem pånlandsbygden som vi måste taga hänsyn till vare sig vi vilja eller icke Dessansaker äro så pass viktiga att vi försökt komma fram till ett enhälligt utskottsutlåtanden och det ha vi ju också lyckats med Vi ha således icke kunnat motsättan oss förslaget att samordna de utredningar som pågått Det är vad utskottetn kommit till Vi ha icke tagit ställning till prisregleringsförslaget som framläggesn i motionen nr 173 När herr Severin talar om landsbygden måste jagnsäga att det ser ut som om han trodde att endast jordbrukare skulle bo därnÄven andra bo ju dock där Det är ofta så att när en stockholmare talar omnlandsbygden menar han hela Sverige i övrigt Jag kan icke frigöra mig frånnatt något av detta går igen hos herr Severin Beträffande min hemort är det ickenriktigt att vi ha koncentrerat industrien till bara en plats Vi ha åtminstone tvånsamhällen med industrier Vi ha varit så pass förutseende att vi icke ha gåttnden extrema väg som herr Severin rekommenderade att koncentrera industrienntill bara ett tättbebyggt samhälle,intro
Chefen för jordbruksdepartementet herr statsrådet Sköld Herr talmannDet är icke vanligt att man från regeringshåll yttrar sig över förslag i avseenden å utredningar men den debatt som här förts synes mig ha fått en sådannriktning att det kanske ändå kan vara skäl att jag säger några ord,intro
Herr Anderson i Linköping Herr talman Jag ber att med samma motiveringn som herr Wiklund anförde få ansluta mig till herr Beskows yrkande,intro
Herr Wiklund Herr talman För att inte reservanterna skola stå splittraden med olika yrkanden ber jag att få återta mitt förra yrkande om bifallntill reservationen och i stället instämma i det yrkande som gjorts av herr,intro
Chefen för kommunikationsdepartementet herr statsrådet Larsson errntalman Med anledning av det sist framkomna yrkandet vilket tycks samlanäven dem som förut gått på rent avslag ber jag endast att få meddela kammarenn att för den händelse kammaren såsom jag hoppas biträder statsutskottetsn förslag så kommer icke en enda krona mer att betalas ut än somnär absolut nödvändigt för att på ett tillfredsställande sätt ordra trafikennMen för att vi överhuvud skola ha utsikt att få en tillfredsställande överenskommelsen med luftfartsbolag i Danmark bör kammaren gå med på statsutskottetsn förslag,intro
Herr OHLIN (fp),intro
Chefen för handelsdepartementet herrnstatsrådet LANGE,intro
Chefen för handelsdepartementet herrnstatsrådet LANGE,intro
Herr Lundberg i Hälsingborg Herr talman Den föregående ärade talarenngJorde ett uttalande som man möjligen kunde tolka som ett klander mot statsmakternan att de inte vidtagit alla åtgärder för att få fram största möjliganproduktion av fodercellulosa Jag har haft anledning att syssla med dennanfråga en hel del därigenom att jag inom departementet deltagit i förhandlingarnan just med cellulosaindustrien och kan sålunda mycket bestämt vederläggan herr Svenssons i Ljungskile påstående att det skulle finnas fabrikern som hade velat tillverka fodercellulosa men inte fått tillfälle därtillnFör tillverkning av sulfitfodercellulosa gäller nämligen den förutsättningennatt vederbörande fabrik är utrustad för sulfitsprittillverkning Om inte produktionenn av fodercellulosa är kombinerad med framställning av sulfitsprit blinnämligen kostnaderna faktiskt orimliga för en sådan produktion Om det sålundan till äventyrs skulle gälla ett sådant fall och herr Svensson i Ljungskilensyftade på någon fabrik som inte tillverkade sulfitsprit så är det naturligtnatt tillfälle inte givits densamma att deltaga i produktionen av fodercellulosanJag skulle tvärtemot vad herr Svensson sade vilja göra gällande att hitintillsn har hela landets kapacitet i fråga om produktion av fodercellulosa tagitsn1 anspråk Jag tror inte det är olämpligt att jag säger att produktionen vidnsulfitfodercellulosafabrikerna uppgår för närvarande till 7000 å 8000 tonnper vecka och den produktionen torde kunna fortgå tills vidare så längeningen brist på råvara uppträder Svårigheterna för cellulosafabrikerna attnfå fram tillräckliga kvantiteter fodercellulosa bero inte på annat än bristennpå råvaran massaved Jag tror att jag med dessa ord har klarlagt den frågan,intro
Herr Svensson i Ljungskile Herr talman Mot vad den föregående talarennnämnde vill jag bara erinra om att jag har inte gjort något påstående i dettanfall Jag har i likhet med en av interpellanterna framfört vissa frågor mednanledning av vad man hört i bygden för att få svar på denna fråga och jagntackar för svaret Utnyttjas den produktionskapacitet som finns är det juningen anledning att klandra vederbörande på den punkten,intro
Chefen för folkhushållningsdepartementet herr statsrådet Gjöres Herrntalman Under denna debatt ha åtskilliga ting påpekats varför det kanskenär nödvändigt att jag innan överläggningen i 1 ämnet avslutas får säga någranord på de punkter som här berörts,intro
Herr Lindman Herr talman Jag skulle vilja begagna willfälletn att tacka herr Månsson för den komplimang som han riktadentill mig och som jag för egen del skulle kunna returnera till honomnJag vill säga liksom jag tror mången i denna kammare att man i herrnMånsson alltid finner en man som söker sanningen Det är emellertidn klart att man under sitt sanningssökande understundom kan komman på sned och det kan väl hända oss litet var Säkert vill inte hellernherr Månsson säga att icke även han kan råka ut för att som mannsäger hugga 1 sten någon gång,intro
Anf 74 ANNCATHRINE HAGLUND (m),intro
Herr Sandberg Herr talman Jag ber att få uttala ett tack för de förståenden ord herr Lithander nyss yttrade Jag vill också alldeles bestämtnsäga till herr Andersson i Södergård att då vi på Norrlandshåll gjort våra reflexionern av vilka jag nyss anförde en del med anledning av utskottets utlåtanden innebära dessa ingalunda någon som helst otacksamhet för vad somnhittills gjorts eller för den goda vilja som jag ansåg vara uppenbarad även inutskottets nu framlagda utlåtande  tvärtom Men det må vara naturligtnatt man uttalar vissa tankar och meningar inför ett så viktigt steg som detnhär gäller att taga då man sätter i gång en mycket stor utredning syftandentill förbättring av förhållandena i en stor och betydelsefull landsdel,intro
Herr Lövgren Herr talman En lång erfarenhet av hur svårt det är attnnå ett positivt resultat genom statliga utredningar har så småningom lett dithän,intro
Herr REGNEÉLL (h),intro
Herr BENGTSSON i Landskrona (s),intro
Herr Möller Herr talman mina herrar Jag har tillåtit mignatt begära ordet i denna fråga för att vädja till kammaren att inte låtansparsamhetsnitet drivas fullständigt in absurdum Om nämligen det beloppn som här föreslås ifrån utskottets sida och som jag till min mycketnstora förvåning finner att Kungl Majt också har föreslagit beviljas sånkan man utan vidare säga att ändamålet med hela denna institution dessanräntefria studielån till obemedlade begåvningar i viss grad blir äventyratnÅr 1919 var det första år då dylika lån på av riksdagen fastställdanvillkor beviljades Det var då 713 sökande Av dessa 713 kunde endastn81 beviljas lån Det är möjligt att det antalet var riktigt med hänsynndärtill att bland de sökande endast ett så ringa antal kunde anses fyllankvalifikationerna i begåvningshänseende för att få lån ur denna fondnÅr 1920 söktes 695 nya lån och av dem kunde 85 beviljas men det berodden därpå att riksdagen för det året hade ökat anslaget från ursprungligan 100000 kronor till 150000 kronor Dessutom beviljades åt 50 avnde 81 som först fått lån ytterligare lån För år 1921 höjde riksdagennåterigen anslaget med 50000 kronor vilket gjorde att 85 förutvarandenlåntagare kunde få sina ansökningar om nya lån beviljade och av 694 nnya ansökningar om lån 82 kunde bifallas d v s år 1921 hava inallesn1607 studerande erhållit lån ur denna fond ,intro
Anf 37 LENA ÖHRSVIK (s),intro
Anf 38 Industriministern NILS ÅSLING,intro
Herr Sederholm Jag kan fatta mig ganska kort efter den jag vågar säganmilda kritik som utskottets utlåtande här har varit utsatt för Denna mildhetn utgör ju egentligen ett erkännande av styrkan hos de skäl som utskottetnanfört för sitt avslagsyrkande De försök som motionären här har gjort attnprecisera till att börja med direktiven för en förändring av jaktlagstiftningenntorde inte vara sådana att man egentligen kan tänka sig att få in dem i ennlag eller jaktstadga Det kräves ju vida mer distinkta formuleringar än attnt ex förbjuda drevjakt eller att skjuta ett djur bakifrån eller under sådana förhållandenn att man inte har sannolikhet för att döda det Skulle sådant vara inlag förbjudet komme det ju att medföra oövervinneliga svårigheter i lagtilllämpningenn,intro
Herr förste vice talmannen Hamilton Herr talman Jag ser mig förekommenn av den föregående ärade talaren Men jag vill ändå fråga herr finansministernn är det blott en teknisk ändring när man till hälften nedsätter tullennpå en industriprodukt på vilken skogsägarna i landet  som äro rätt många nsätta stora förhoppningar Är det lämpligt att göra en dylik partiell ändringninom en industri som står skogsbruket så nära då man i övrigt i stort sett ickenvidtager några förändringar,intro
Herr Heiding Herr talman Herr finansministern ville göra gällandenatt jag framkommit med en del oriktiga uppgifter Men de uppgifter somnJag kommit med hava stått i det avlämnade betänkandet och i den kungl propositionenn De siffrorna tänkte jag att man skulle lita på Annars är detnicke mycket värde i dem,intro
Anf 61 BERTIL FISKESJÖ (c),intro
Herr HERMANSSON (vpk)nHerr talman Enligt vänsterpartiet kommunisternas mening stårnföljande fem frågor i förgrunden i debatten om den nya grundlagen,intro
 n       n   n   n   n       n   n   n    ,intro
Herr statsrådet LINGMAN Herr talmann Vid prövningen av lönegradsplaceringenn för olika befattningshavare harndet under de senare åren iakttagits försiktighetn med hänsyn till den mera allmännan prövning av lönegradsplaceringenn som skulle verkställas av tjänsteförteckningskommitténn Att denna kommittén inte hunnit slutföra sitt arbete sånsnabbt som man kanske från början haden hoppats och väntat beror på olikanomständigheter Jag har tidigare i riksdagenn haft tillfälle att framhålla att detninte beror enbart på tjänsteförteckningskommitténn att dröjsmål har uppstått Detnberor också på organisationerna somnha avgivit sina förslag så sent att kommitténn inte kunde börja sitt arbete förränn framemot mitten av år 1950,intro
Hans excellens herr ministern för utrikesn ärendena UNDÉN Herr talmannSedan nu det parti inom riksdagennvilket såsom samlad grupp ensamt utgörn oppositionen i denna fråga harnhaft ordet och till på köpet genomntvå ledamöter ber jag att få säga någran ord,intro
Herr ERIKSSON EINAR (kort genmäle)n Herr talman Jag har inte anledningn att betvivla herr Wehtjes ärligansträvan när det gäller att klara bostadsförsörjningenn inom de företag som hannöjet att ha honom till ledare och chefnJag förmodar att jag inte uttalade mignpå det sättet över huvud taget utan närnjag talade om högern och folkpartietnframhöll jag att det är inte riktigt närnman vill göra gällande  som manntycks göra åtminstone i propagandan natt en annan bostadspolitik här i landetnskulle ha förhjälpt oss ur den bristsituationn som vi för närvarande befinna oss i,intro
Herr TALMANNEN anförde Efternsamråd med andra kammarens talmann och talmanskonferensen får jagnbeträffande arbetets ordnande undernåterstoden av vårsessionen meddela attnsåvitt nu kan bedömas plena med kamrarnan komma att hållas alla vardagarnmed början kl 11 förmiddagen I morgonn onsdag är det icke avsett att hållankvällsplena övriga dagar komma sådanan plena att anordnas i den mån arbetetnså kräver,intro
Herr HÖBINETTE (m),intro
Fru ERIKSSON i Stockholm (s) kortngenmäle,intro
Herr ODHE (s),intro
Herr CHRISTENSON i Malmö (fp),intro
Anf 32 Förste vice talman INGEGERD TROEDSSON (m),intro
Herr Borell Herr talman Med anledning av vad herr Johan Nilsson nunanfört ber jag att få ytterligare understryka att det såvitt jag vet aldrig urnmilitär synpunkt riktats några anmärkningar mot dessa musikkårer och derasnsammansättning De äro således tillräckliga för militärt ändamål Skall musiklivetn överhuvud taget uppmuntras bör detta enligt min mening icke skeninom fjärde huvudtitelns ram,intro
Socialministern RUNE GUSTAVSSON erhöll ordet för att besvara FilipnFridolfssons (m) den 28 mars anmälda fråga 197778361 och anförde,intro
Herr MÖLLER (s),intro
Herr Heiding Herr talman Jag skall be den siste ärade talaren att hanntar bättre reda på detta när han kommer hem till påsken ty jag vet mednsäkerhet att Kalmarintresset äger aktiemajoriteten i KalmarTorsås järnvägn De kommuner som ha sina aktier kvar äro förargade på de kommunernsom sålt sina aktier till Kalmarbolaget ty de resonera som så Hade ni haftnaktierna kvar hade vi haft någon bestämmanderätt över järnvägen vilket vinnu inte ha Till följd härav äro våra aktier värdelösa Ni fingo 70 å 75nkronor men vi fingo ingenting,intro
Herr Schött Herr talman Vill endast påpeka den märkvärdiga slutledningn som den föregående talaren gjorde Därför att aktierna i hans hemkommunn blivit värdelösa skulle Kalmar stad äga aktiemajoriteten En sådannbevisföring kan jag ej godkänna,intro
Anf 35 ANNCATHRINE HAGLUND (m) replik,intro
14 oktober 1980nAnf5 HAGAR NORMARK (s),intro
Anf 6 Industriministern NILS ÅSLING,intro
Anf 9 Försvarsminister ANDERS THUNBORG,intro
Anf 10 OLLE AULIN (m),intro
Herr SKOGLUND i Doverstorp erhöllnpå begäran ordet för kort genmäle och,intro
Herr Lindmark Herr talman Utskottets ärade ordförande påstol att högernn motsatt sig den ändringen 1 anslagets användning att stenbrytning ocksånskulle erhålla statsbidrag Jag vill häremot erinra att det var högermannennBirger Peterson med flera som var anledning till att bidrag till stenbrytningnockså kom med under detta anslag Det är mycket möjligt att det finns motionärern även från andra partier men en av anledningarna till ändringen varnJust en högermotion,intro
Herr RICHARDSON (fp) kort genmäle,intro
Herr GUSTAFSSON i Barkarby (s) kort genmäle,intro
Anf 52 KERSTIN EKMAN (fp),intro
Herr Hallin Herr talman Då jag i det skick vari detta ärende nu föreliggern för riksdagen icke kunnat biträda statsutskottets majoritet i dess hemställann skall jag be att med några ord få ange anledningen härtill,intro
Herr LORENTZON (vpk),intro
Anf40 GÖREL BOHLIN (m) replik,intro
Chefen för inrikesdepartementet herrnstatsrådet HEDLUND Herr talman HerrnHjalmarson brukar ofta uppehålla signvid så allmänna talesätt att det ärnganska svårt att få ett begrepp omnvart han egentligen syftar hän Underndenna remissdebatt måste jag säga attnjag tycker att herr Hjalmarson talar ingåtor Vi har fått veta att det trots dennjämnt balanserade budgeten skall finnasn möjligheter till skattesänkningarnmen vi får försöka gissa oss fram tillnhur det skall gå till Jag har inte lyckatsn gissa det men får väl tro att beskedn om den saken skall komma senare,intro
Herr HJALMARSON (h) kort genmälenHerr talman Jag har alltid känt herrnHedlund som en mycket eftertänksamnoch balanserad man och jag kan därförn inte underlåta att uttrycka min förvåningn över den hämningslöshet mednvilken herr inrikesministern här i kvällnhar missförstått centrala ekonomiskansammanhang Herr Hedlund frågar mignom jag kan exemplifiera den socialistiskan politik som bondeförbundet harngivit sitt stöd Ja det är mycket lättnatt göra det Jag behöver inte ens självnpåstå att den politik som herr Hedlundn företräder är socialistisk utannjag kan som auktoritet för detta påståenden åberopa ingen mindre än förrenfinansministern herr Wigforss Han harnnämligen i sin bok Socialism i vår tidnpå ett mycket tydligt sätt sagt ifrånnatt den politik som regeringen nu bedrivern och som bondeförbundet medverkarn till på kreditmarknaden dennstatliga dirigeringen alltså exemplifieradn av den s k frivilliga överenskommelsenn med försäkringsbolagen ickenär någonting annat än ett uttryck förnen socialiseringspolitik Han har klartnsagt ifrån att med dessa metoder syftarn man till att nå fram till samma resultatn som vid en direkt socialiseringnAndra exempel på socialistisk politiknär bibehållandet av investeringsavgiftenn och byggnadsregleringen i nuvaranden läge konjunkturskatten herr inrikesministern för att inte tala om steriliseringenn av skogsägarnas inkomster,intro
Chefen för inrikesdepartementet herrnstatsrådet HEDLUND Herr talman Det,intro
Herr Olsson i Gävle Herr talman Vad som gör att jag tager till orda indetta fall det är det anförande som herr statsrådet och chefen för ecklesiastikdepartementetn här nyss höll Man har all anledning ställa sig tveksamnnär man tager i betraktande det nya villkorets skärpning av förutvarande bestämmelsern Man frågar sig om detta verkligen är någon hjälp till att hållanorkesterföreningarna vid liv Jag vill taga ett litet exempel I Gävle stadnha vid nödgats att genom att anstränga oss till det yttersta hålla orkesterföreningenn vid liv Vi ha fått täcka alla dess förluster och följden har blivit attnvi kommit upp i ett kommunalt anslag som ligger mycket över vad statsbidragetn har varit Nu säger man att för att denna ökning på 3500 kronor skallnerhållas måste samma anslag som förut utgå från kommunen Man har junhär i stort sett endast att räkna med det kommunala anslaget De enskildangåvorna som givas de sjunka ju år efter år och bördan överflyttas på kommunenn Om man nu sätter upp såsom villkor att man skall bringa upp detnkommunala anslaget till samma belopp som utgått under senaste året så föreliggern absolut den risken att det icke finnes någon möjlighet att få igenom ettnsådant anslag inom den beslutande kommunala församlingen ty man har kommitn därhän att man så att säga har överansträngt sig ja man kan allvarligtndiskutera herr Bengtsson i Norup om det överhuvud taget är någon fördelnatt ha dessa orkesterföreningar så pass tunga äro de att bära i ekonomiskt avseenden Med ett bibehållande av det gamla villkoret att man inom området,intro
Herr Törnkvist Herr talman Jag vill endast säga ett par ord för att intenutskottet skall framstå i alltför ofördelaktig dager vilket synes ligga hotfulltn nära efter de anföranden som hållits,intro
Anf 56 INGEMAR KONRADSSON (s) replik,intro
Herr HOLMBÄCK Herr talman Jagnhar för min del rätt svårt att ta ståndpunktn till vissa delar av herr Herlitznyttrande Det kan hända att jag görnhonom orätt men när jag hörde honomnfick jag det intensiva intrycket att hansnyttrande var ett av de mest reaktionäranyttranden jag över huvud taget hört inSveriges riksdag Det kanske var fel ndet var måhända i stället ett av de mestnpessimistiska yttranden som här hållitsnMen i varje fall måste jag säga att jagninte alls delar hans uppfattning när hannpåstår att Unesco skulle vara en propagandainstitutionn och att det skulle fånungefär sådana maktmedel som doktornGöbbels hade i Tyskland,intro
Herr ELOWSSON NILS Herr talmannDen oerhörda nedvärdering av det internationellan samarbetet i denna stora internationellan organisations form somnherr Herlitz här har gjort kan inte gärnan få stå oemotsagd därför att den intenvar riktig,intro
jr ekt Geo Herr Kvarnzelius I statsverkspropositionen sådan den förenern låg vid denna riksdags början hade Kungl Majt disponerat vartendananvisade an Öre kan man säga som finnes och som kommer att inflyta tillhörandenslag denna fond till och med 1922 års utgång Det var så väl bottenskrapatn(Forts) att medel icke vid något tillfälle under 1922 skulle hinna att fonderasnutan eftersom de flöto in så skulle de tagas i anspråk för löpandenstatsutgifter Nog är det litet underligt när en finansplan bygger på sådananförutsättningar att man disponerar medel avsedda att fonderas mennej väntar till dess de blivit fonderade innan man använder medlennifråga Det var detta som föranledde mig att i början av riksdagennskarpt reagera mot det sätt som regeringen ansåg sig kunna användanifråga om disponerandet av rusdrycksmedelsfonden Nu får jag junsäga att i den nya budgetberäkning som Kungl Majt har kommit innmed har det förfarits något varsammare Det blir väl som den föregåenden ärade talaren sade ungefär ett 30tal millioner eller något mernkvar i rusdrycksmedelsfonden Det är ju så att denna fond förvaltasnav statskontoret och statskontoret har givetvis ej dessa pengar ligganden så att de kunna disponeras ögonblickligen de äro placerade på ettneller annat sätt utlånade för olika ändamål och en stor del av dem äronplacerade i skattkammarväxlar utgivna av riksgäldskontoret sålundananvända för upplåning för statsverkets behov När dessa medel skolantagas i anspråk för täckande av statens löpande utgifter så måste medelni låneväg uppbringas från armat håll Det förefaller mig därför somnom det komme att bliva förenat med ungefär lika stora svårigheter förnvederbörande myndigheter att taga dessa pengar på sätt utskottet nunföreslår ur statsverkets fond av rusdrycksmedel som att taga dem urnkassaförlagsfonden Men det är givetvis principiellt oriktigt i att sedannman fått en författning som säger hur det skall förfaras med vissanmedel att de skola fonderas man det oaktat har så bråttom att kommanåt dessa medel att man icke ens låter dem bliva fonderade innan mannförbrukar dem När ifrågavarande författning angiver att dessa medelni första rummet äro avsedda till bestridande av utgifter som kommanatt stå i förening med en avveckling av rusdryckshanteringen och i övrigtn att tagas i anspråk vid särskilda tillfällen för visst socialt ändamålnsynes det mig att man i alla fall har tillräckligt vid säkerhetsmarginalnsärskilt i dessa tider för att denna fond icke skall växa i himmelensnhöjd Här blir det givetvis under kommande riksdagar många socialanändamål för vilka man mycket väl kan hava användning för dessa fondmedeln utan att man nu behöver bottenskrapa fonden Det är ur dessansynpunkter som jag har ställt mig på deras sida som anse att mannicke bort taga så mycket ur rusdrycksmedelsfonden som Kungl Majts,intro
Herr BRANDT (s),intro
Herr Hage Herr talman Endast en kort replik till herr Lindman HerrnLindman utgår ifrån att när man skall bedöma lagstiftningen på detta områden skall man avgöra om det har inträffat något sedan 1918 och 1919 Ochnjag utgår ifrån att även för den borgerliga sidan och även för högern bordendet kunna stå klart att här har verkligen inträffat någonting Man kundenmöjligen när man 1918 bestämde att det skulle fordras kvalificerad majoritetn1 vissa frågor säga att man inte visste huru de nya valmanskårerna och derasnrepresentanter skulle förhålla sig inom det kommunala området om de skullenuppträda på ett försiktigt och ansvarskännande sätt då det gällde ekonomiskanengagemang för kommunen eller inte göra det Men därvidlag kan man nu bestämtn påstå att det under dessa år har konstaterats att de representanter somnsläpptes fram av de nya valmanskårerna ha visat sig uppfylla de fordringarnsom kunna ställas på en kommunal representant att han skall taga tillbörlignhänsyn till kommunens ekonomiska förutsättningar Jag framhöll detta i mittnsenaste anförande och när jag gjorde det stod herr Olsson i Kullenbergstorpnmitt framför mig och nickade bifall med huvudet Sålunda kan man nunnästan säga att jag fick instämmande åtminstone från hela bondeförbundshålletn i det avseendet Alltså kan man med bestämdhet säga att sedan vi nunfått denna erfarenhet finns det såvitt jag kan förstå ingen anledning varförnvi skulle behålla dessa inskränkande bestämmelser,intro
Herr FAST (s) kort genmäle,intro
Herr HAMRIN (fp),intro
Herr AHLSTEN (fp) kort genmäle,intro
Herr HZEGGBLOM (h),intro
Herr KARLSSON i Stuvsta (k),intro
Herr SKÖLD (s) kort genmäle,intro
Herr BERG GUNNAR (s),intro
Herr OHLIN Herr talman Jag harnbegärt ordet inte för att ta upp någonnpolemik med statsministern utan närmastn för att säga några ord med anledningn av herr Hagbergs i Luleå anföranden Men innan jag kommer till detnvill jag med anledning av statsministernsn replik bara konstatera en endansak,intro
Hans excellens herr statsministernnERLANDERnHerr talman Jag beklagar livligt att,intro
Herr Lindqvist i Halmstad Herr talman Med hänvisningntill den av mig avgivna vid detta utskottsutlåtande fogade reservationenn och under åberopande av det anförande jag tidigare hållit här indag ber jag få yrka att första paragrafen i utskottets förslag god,intro
ROLF DAHLBERG (m) replik,intro
MAGNUS PERSSON (s) replik,intro
ROLF DAHLBERG (m) replik,intro
Herr STAHL (fp)nHerr talman Det väsentliga i det föreligganden förslaget är ju det nya syste,intro
Anf 17 Kommunikationsministern ULF ADELSOHN,intro
Herr Hammarskjöld Hjalmar Vad hans excellens statsministern yttradensärskilt gentemot mig föranleder endast en helt kort replik,intro
Herr Ljunglund Herr talman Jag skall be att få svara med några ord pånhans excellens herr statsministerns replik,intro
Hans excellens herr ministern för utrikes ärendena Sandler Herr talmannStatsutskottet har nedlagt stort intresse på behandlingen av denna angelägenhetn Utskottet har därvid utformat en annan linje än den som är föreslagennfrån Kungl Majts sida Utskottets linje omfattas av ett överväldigande flertaln inom utskottet Jag anser mig ändock böra i korthet utveckla de synpunktern enligt vilka jag menar att Kungl Majts förslag har företräde,intro
Herr Domö erhöll nu ordet för kort genmäle och anförde Herr talman Förstnett svar på en direkt fråga från statsministern,intro
Herr Herou Herr talman Herr Andersson i Höör anförde en synpunktnsom jag icke vill låta stå oemotsagd en synpunkt som vi givetvis skulle varanmycket känsliga för därest hans uppgifter varit riktiga Han uppställer,intro
Herr ERIKSSON i Bäckmora (cp),intro
Anf 113 KURT HUGOSSON (s)nHerr talman Förra veckans finansdebatt visade hur isolerat moderatansamlingspartiet står med sina förslag på det ekonomiskpolitiska området,intro
Herr Flyg Herr talman Jag vill först fästa uppmärksamheten vid attndenna fråga kommer upp på riksdagens arbetsschema vid en så sen tidpunktnNog synes det mig böra ha varit möjligt för utrikesutskottet att på ett tidigaren skede ha givit riksdagen möjlighet att taga ståndpunkt till de SPÖrsmåln som vi nu i elfte timmen skola yttra oss om Ty det gäller dock ej ennfråga vilken som helst Det är en fråga som kan komma att spela en avgöranden roll för Sverige i en måhända nära liggande allvarlig morgondag Detnär en fråga som i det ögonblick då ett nytt världskrig bryter ut kan innebäran att Sverige trots alla sina bestämda deklarationer om vilja till neutralitetn och oberoende drages in i denna världsbrand enbart genom sitt medlemskapn i Nationernas förbund Jag har velat säga dessa ord beträffande utrikesutskottetsn arbetsmetoder även i medvetande om att det naturligtvis ingentingn gagnar att uttala en dylik protest,intro
Herr CASSEL (h) kort genmäle Herrntalman Herr Ohlin tog mig litet i upptuktelsen och jag är tacksam för att fånråd och anvisningar av en mera erfarenn kammarledamot om hur man skallnuppträda i det politiska livet,intro
Chefen för justitiedepartementet herrnstatsrådet ZETTERBERG Herr talmannHerr Ohlin sade att frågan huruvidanman skulle behålla fängelsestraffet ellerninte var av principiell betydelse ochnatt man därför skulle kunna ta uppnden till sakligt avgörande nu fastännlagen bara har varit i kraft så kort tidnJag skulle vilja säga att det nog är riktigtn att denna fråga om straffskalan harnallmänna och principiella aspekternmen jag skulle just därför vilja varnanför att man ändrar den ståndpunkt somnman i den delen efter mycket diskussionern och överväganden intog för ettnår sedan,intro
Herr Andersson i Tungelsta som anförde Herr talman Då man såvälnfrån motionärernas som utskottsmajoritetens sida syftat till att begränsa rättenn tillfri bärplockning har man framförallt motiverat detta med att dennanfråga nu skulle ha kommit i ett alldeles nytt läge Man har sagt att detnfinns så mycket människor ifrån städer och andra samhällen som resa ut ochnskövla bärmarkerna ute i bygderna Jag känner ganska väl till hur detnförhåller sig med denna sak i trakten kring Stockholm Jag vet mycket välnatt stockholmarna i stor utsträckning resa ut i bil och buss till skogarna ochnplocka bär men denna skövling av bärmarkerna från stadsinnebyggarnasnsida har icke i något fall som jag känner till varit av sådan beskaffenhetnatt jordbrukarna berövats möjligheten att skaffa sig sitt husbehov av lingonnDet har åtminstone icke varit fallet i de trakter där jag hör hemma Jagnvet ju att det någon gång förekommit att man vid dessa färder farit framnute i markerna på ett sätt som man måste reagera emot,intro
Herr TALMANNEN ytirade,intro
Herr SVENINGSSON (h),intro
Herr OSVALD (fp),intro
Herr GEZELIUS (h),intro
Herr LARSSON SIGFRID (bf),intro
Herr HECKSCHER (h),intro
Herr ÅKERSTRÖM (s)nHerr talman Jag yrkar bifall till utskottetsn hemställan,intro
Herr HANSSON i Skegrie (cp),intro
