content,tag
Fredagen den 19 februari Kompletteringsväl till ut,note
7 74,note
TS,note
7,note
79,note
80,note
81,note
82,note
87,note
88,note
89,note
91,note
9,note
99,note
922,note
93,note
Prot 1987886874,margin
GUDRUN SCHYMAN (vpk) replik,intro
Herr talman Jag noterar att Lennart Pettersson ta,u
Prot 1989907,margin
11 oktober 1989,margin
163,margin
ing men mer kan det faktiskt inte vara Skulle d,u
Men man ställer sig frågan  jag gör det och Sve,u
Vad gäller den offentliga sektorn säger Lennart Pe,u
Skattepolitiken kommer naturligtvis att inverka på,u
Prot 198990117 8 maj 1990,margin
Svar på frågor,amrgin
62,margin
Fram till dess gäller det nuvarande statsbidragssy,u
För de skolor som har akuta ekonomiska problem har,u
Några åtgärder från regeringens sida är således fö,u
Anf 150 BIRGER HAGÅRD (m),intro
Herr talman Jag ber att få tacka statsrådet Perss,u
AnnCathrine Haglund är på grund av tjänsteresa i,u
I hastigheten råkade statsrådet förväxla våra fråg,u
Tyvärr kan man konstatera att de fristående skolor,u
Detta gör att i synnerhet det sista avsnittet i st,u
Utskottet anslöt sig till vad som hade anförts i p,u
Likställigheten ifrågasätts nu I Norrköping tex,u
Det finns exempel där anhöriga anställts för en ar,u
Fru talman I propositionen föreslås också att möj,u
Ett helt enigt utskott står bakom dessa punkter o,u
LSSLASS senareläggs med en månad till den 1 febru,u
Enighet råder också beträffande den frågeställning,u
Fru talman Skiljelinjen i utskottet handlar om sy,u
LSSLASS att vårdhemmen skulle kunna vara kvar,u
I två motioner från Moderaterna respektive kds upp,u
Fru talman Frågan om avvecklingen av specialsjukh,u
Det är viktigt att vårdhemmen blir en parentes i v,u
Många av oss i utskottet har träffat Åke Johansso,u
sinneslöanstalt Jag hoppas att de som fått Åke,u
Jag anklagar inte generellt de som var verksamma p,u
Fru talman Lennart Brunander har frågat mig om re,u
Jag håller med Lennart Brunander när han i sin frå,u
miljoner kg måste en tilläggsavgift betalas till E,u
Det finns en möjlighet till omfördelning av mjölkk,u
Dessa köp och säljtillfällen är alltså en åtgärd,u
Av vad jag nu har sagt framgår att regeringen inte,u
Anf 20 LENNART BRUNANDER (c),intro
Fru talman Jag tackar jordbruksministern för svar,u
Mjölkkvoter och fördelning av mjölkkvoter har bliv,u
Jag var ute och talade med en del mjölkbönder häro,u
Orsaken till att det blivit så är naturligtvis att,u
Fru talman Jag kan hålla med statsrådet om att a,u
Jag vet att många människor här i Sverige nästan ,u
Där man har försökt detta har resultatet alltid b,u
Det är klart att det är svårt för statsrådet att s,u
Jag tror inte att detta är en signal till dem som,u
Överläggningen var härmed avslutad,note
6  Hänvisning av ärenden till utskott,title
Föredrogs och hänvisades,note
Propositioner,note
19959636 och 132 till utrikesutskottet,note
7  Bordläggning,title
Anmäldes och bordlades,note
Konstitutionsutskottets betänkande,note
199596KU23 Offentlighet och sekretess,note
199596KU24 Några frågor om sekretess,note
När det gäller familjerådslag tycker jag att det ä,u
Söderhamns kommun är den kommun som har kommit lä,u
För mig har denna kommun blivit den goda förebilde,u
Men än är det inte för sent Röstar Centern och,u
Vänsterpartiet med oss andra  Miljöpartiet Moder,u
Fru talman Jag passar här på att yrka bifall till,u
Vi i Miljöpartiet vill också tillsätta en kommitté,u
Under den senaste tiden har jag vid ett flertal ti,u
Ett flertal personer som utretts har gjort gälland,u
De påståenden som jag beskrivit har framförts till,u
Det är min övertygelse och förhoppning att de allr,u
När barn far illa är det samhällets skyldighet att,u
En annan viktig fråga som vi tar upp är att man bö,u
Fru talman När det gäller socialtjänstlagen i övr,u
Anf 14 Statsrådet PIERRE SCHORI (s),intro
Fru talman Viola Furubjelkes interpellation uppmä,u
Biståndets roll att genom fattigdomsbekämpning fu,u
Mot denna bakgrund ställs frågan om jag är beredd,u
Svaret är ja Det är en angelägen uppgift att i ri,u
talet,u
Frågan om en biståndspolitisk översyn har rests må,u
De mänskliga rättigheterna hålls fram som bärare a,u
Partnerskapstanken styr alltmer våra sätt att sama,u
Fred demokrati och utveckling är intimt sammanlä,u
Under senare år har både Sida och regeringen bedri,u
På många sätt har därför förutsättningar skapats f,u
2000talet Utvecklingssamarbetets roller samarbe,u
De skrivelser som regeringen presenterat om fattig,u
Ryssland Det vore i så fall väldigt intressant at,u
Vad gäller Lennart Klockares fråga om att tänka me,u
Anf 22 OLLE LINDSTRÖM (m),intro
Fru talman Harmonisering av skatter och lagstift,u
Jag vill nog inte ägna tiden åt detta just nu eft,u
Låt mig ändå säga att om statsrådet nu vill kalla,u
Jag har haft kontakter med bla Swedish Center i,u
Luleå Där har man ungefär samma uppfattning om re,u
Umeå har också samma uppfattning Det näringsområd,u
Alltså menar jag att vi i alla fall inte i tillräc,u
Östersjösamarbetet Det är viktigt att det förs fr,u
Jag deltog i den regionalpolitiska debatten under,u
Jag skulle kunna fortsätta ytterligare ett tag och,u
Anf 23 Statsrådet LEIF PAGROTSKY (s),intro
Fru talman Det var en överraskning för mig Jag t,u
Den handlar om vad han själv avser när han säger a,u
Jag tycker att det var en konstig fråga och jag v,u
Anf 140 JOHAN LÖNNROTH (v) replik,intro
Fru talman Att jag står bakom denna reservation b,u
Jag vill säga ytterligare några ord om det andra r,u
Jag är alltså så konservativ att jag i stort sett,u
Bergqvists reservation till 1993 års riksbanksutre,u
Vi är helt överens om att inflationen måste hållas,u
Anf 141 JAN BERGQVIST (s) replik,intro
Fru talman Johan Lönnroth har faktiskt inget bra,u
Men hur Riksbanken skulle agera om man låg motsvar,u
Anf 142 LENA EK (c),intro
Fru talman och ledamöter Vi i Centerpartiet ställ,u
Öppenhet är viktigt också därför att det blir en l,u
Vi ser tjänstesektorn som en stor framtida tillväx,u
I den här reservationen skriver vi tillsammans med,u
Det är viktigt att vi skapar goda förutsättningar,u
En hög beskattning av arbete leder till en sämre f,u
I betänkandet lyfts några särskilda branscher fram,u
Det gäller de hushållsnära tjänsterna som vi hörd,u
En annan grupp företag till vilka dagens skattesys,u
Ett särskilt problem gäller vad som ska ses som i,u
5  Resten räknas som lön och beskattas därefter,u
Innan ägaren betalar skatt på utdelningen har utde,u
dubbelbeskattningen Också denna vill kristdemokra,u
Utgångspunkten måste ju vara att delägare i fåmans,u
Hittills har erfarenheten varit att det har funger,u
Det finns alltså fler som har ansvar för att se ti,u
Anf 118 ANA MARIA NARTI (fp),intro
Fru talman Tack utbildningsministern Jag tror a,u
Det är inte enkelt Jag kan berätta av egen erfare,u
Jag hade också en kusin i Sverige som var nästan k,u
Sverige så skulle han vara tvungen att börja i års,u
Saudiarabien Han gjorde förresten också den beröm,u
Rumänien  den film som satte i gång den stora för,u
Boston Han är fortfarande en oerhört aktiv perso,u
Man förlorar alltså människor man förlorar kraft ,u
Problemet är inte löst än i dag Ekonomer från and,u
Jag kan inte på något sätt tro på någonting alls i,u
Jag kan tex berätta om en journalist som kommer,u
Det här med läkarna berör två områden Stockholm o,u
och 80talen och förstördes stegvis på 90talet,u
Vad jag vill ha svar på är vad man har för strateg,u
Anf 187 Utrikesminister LAILA FREIVALDS (s),intro
Fru talman Cecilia Wigström säger att vi har visa,u
Problemet med honom i förhållande till andra ärend,u
Vi fortsätter att hävda att han är svensk medborga,u
Frågan ställdes om vi på plats har försökt att gör,u
När det gäller Peter Althins fråga om vad vi gör ,u
Det är också ett sätt att helt enkelt utveckla fol,u
De totalförsvarspliktigas skyldighet att genomgå m,u
Försvarsmakten har uppgett att det inte finns någr,u
Jag anser att statsmakterna har ett särskilt stort,u
Jag anser att den drogförebyggande verksamheten är,u
I fråga om en förändring av lagstiftningen på områ,u
Jag är dock beredd att om det behövs låta göra e,u
Anf 34 ELSEMARIE LINDGREN (kd),intro
Fru talman Det känns som om ministern håller med,u
Vi har i dag mellan 20  och 25  människor i arbe,u
Vi moderater vill återupprätta arbetslinjen Det ä,u
Min före detta riksdagskollega den förre socialde,u
Det är de här människorna som vi måste ha en polit,u
Med friårsexperimentet som inte på något sätt ors,u
Socialdemokraternas lösning förefaller i den här s,u
I samband med de socialdemokratiska kommundagarna,u
Med ännu högre skatter på arbete försämrar vi Sver,u
Redan i dag herr talman har ju statsfinanserna f,u
När det gäller frågan om brytvärt uran vill jag i,u
Det är numera företagen som väljer var de vill pro,u
Det är enligt minerallagen företagens uppgift att,u
Reglerna för en ansökan om undersökningstillstånd,u
Vi på Näringsdepartementet följer redan i dag noga,u
Anf 39 ELINA LINNA (v),intro
Herr talman Först vill jag tacka statsrådet Ulric,u
Under de senaste månaderna har nyheterna ändå dugg,u
Därför blir jag lite orolig när jag läser utkastet,u
Jag vill därför fråga statsministern om han tycker,u
Anf 121 Statsminister FREDRIK REINFELDT (m),intro
Fru talman Även jag förärades en pusselbit som up,u
Låt mig säga att detta är en översyn som nu ska gö,u
Som jag påpekade i många av de diskussioner som fö,u
Men rent strategimässigt är det precis detta som v,u
Anf 122 HILLEVI LARSSON (s),intro
Fru talman Jag blir lite orolig när jag läser slu,u
Vi har i Sveriges riksdag tittat noga på detta och,u
Även om en kvinna gifter sig med en man från ett a,u
Anf 12 PETER ERIKSSON (mp) replik,intro
Herr talman Jag hoppas att vi åtminstone klarar a,u
Grundlagen är till för att skydda medborgarnas fri,u
Anf 13 Statsminister FREDRIK REINFELDT (m) replik,intro
Herr talman Jag menar att det är en felaktig besk,u
Det vore ändå intressant att veta eftersom tonläg,u
Anf 14 MONA SAHLIN (s),intro
Herr talman Mot statsministerns märkliga beskriv,u
Regeringen sade en sak men gör en annan De sade,u
I går skrev Svenska Dagbladet Socialbidragen ske,u
Med de nya reglerna i sjukförsäkringen riskerar 10,u
Det blev bidrag inte jobb med den moderatledda r,u
I valrörelsen sade de Sossarna har misslyckats V,u
Under vårt sista regeringsår kom det 153 000 nya j,u
De sade att vi dolde en och en halv miljon människ,u
Allianspartierna har sjösatt eller håller på att ,u
Trygghetsboenden för äldre genomförs anhörigvårde,u
Dessa reformer är bra och nödvändiga Vi lyssnar o,u
Jag hade tänkt fråga er i det rödgröna laget om ni,u
Jag hade också tänkt fråga om ni tänker riva upp b,u
Detsamma gäller vinst i vården Det hade jag också,u
Fru ålderspresident Även om vi har en i många sty,u
Låt mig ge ett direkt besked till Elina Linna Jag,u
Mycket av debatten i dag från tidigare talares sid,u
Kurt Kvarnström och andra har rätt i att arbete oc,u
En fråga ställdes om balans när det gäller systeme,u
Rapporten från EUs finansministrar om sämre pensi,u
Fru talman Avslutningsvis Det går inte att troll,u
Anf 9 KURT KVARNSTRÖM (S) replik,intro
Fru talman Ulf Nilsson verkar väldigt nöjd med de,u
Jag ser även en problematik Ulf Nilsson Vi har e,u
Det är inte Vattenfall och inte heller Sveriges re,u
Jag kan återigen bara säga att om Vattenfall lämna,u
På medellång sikt finns det inget annat alternativ,u
Det tycker jag är en intellektuell hållning Den s,u
Anf 43 LISE NORDIN (MP),intro
Herr talman Jag vill börja med att ge en kommenta,u
När det gäller Vattenfalls ägardirektiv är det hel,u
Jag tror inte att det är allmänt känt i Sverige at,u
Det är en myt att Vattenfall i dag skulle vara ett,u
Familjeåterförening är en nödvändighet för att inv,u
Sedan 2003 gäller gemensamma EUregler för invandr,u
Familjeåterförening utgör i dag omkring en tredjed,u
När direktivet antogs betraktades det endast som e,u
I både Stockholmsprogrammet och den europeiska pak,u
Herr talman I grönboken framgår att kommissione,u
De slutsatser som kommissionen kommer att dra av d,u
Direktivet innehåller två övergripande obligatoris,u
Enligt grönboken innebär den senare bestämmelsen a,u
De frågor som ställs i grönboken gäller exempelvis,u
En annan fråga som ställs i grönboken gäller minim,u
Det handlar också om frågor som rör underårigas a,u
Vad jag försöker säga är att Allan Widman ändå på,u
I stället börjar man försvara sig Jag tycker att,u
Anf 142 ALLAN WIDMAN (FP) replik,intro
Fru talman Jag noterar att Peter Rådberg konsekve,u
Peter Rådberg tycker att det är konstigt att jag t,u
Det är inte så att jag har stött bort all kritik,u
Peter Rådberg behandlade i sitt anförande projekt,u
Anf 143 PETER RÅDBERG (MP) replik,intro
Fru talman Jag kan svara Politiken ska ha synpu,u
Att vi har en minskad försvarsbudget bygger på att,u
Vi måste ta ett mycket större ansvar Den som best,u
Självklart är det vi som sitter i Sveriges riksdag,u
Det krävs också att det finns möjlighet att beivra,u
Jag är övertygad om att regeringen kommer att hörs,u
(Applåder),note
I detta anförande instämde Johan Andersson Lars M,note
Anf 76 LEIF PETTERSSON (S),intro
Herr talman Jag kommer att hålla mig väldigt kort,u
Låt mig först få konstatera att det är härligt att,u
Det är jättebra att vi har kommit därhän Det är j,u
Herr talman I detta ärende vill jag uttrycka mi,u
Gen om att möjligheten att klampa nu införs för at,u
Punkt 7 (Avhysning och särskild handräckning),note
1 utskottet,note
2 res 1 (M),note
3 res 2 (SD),note
Förberedande votering,note
80 för res 1,note
41 för res 2,note
191 avstod,note
37 frånvarande,note
Kammaren biträdde res 1,note
Huvudvotering,note
191 för utskottet,note
80 för res 1,note
40 avstod,note
38 frånvarande,note
Kammaren biföll utskottets förslag,note
Partivis fördelning av rösterna,note
För utskottet 10 2 S 22 MP 19 C 20 V 14 FP 1,note
För res 1 80 M,note
Avstod 40 SD,note
Frånvarande 11 S 4 M 9 SD 3 MP 3 C 1 V 5 FP,note
Övriga punkter,note
Kammaren biföll utskottets förslag,note
 14 Beslut om ärenden som slutdebatterats vid dag,title
SfU11 Migratio,note
Punkt 1 (Flyktingpolitiken),note
1 utskottet,note
2 res 1 (SD),note
3 res 2 (V),note
4 res 3 (KD),note
Förberedande votering 1,note
20 för res 2,note
14 för res 3,note
278 avstod,note
37 frånvarande,note
Kammaren biträdde res 2,note
Förberedande votering 2,note
44 för res 1,note
20 för res 2,note
247 avstod,note
38 frånvarande,note
Kammaren biträdde res 1,note
Jessica Polfjärd (M) och Helena Lindahl (C) anmäld,note
Huvudvotering,note
Sverige som stat måste vara hård i alla bilaterala,u
När vi satt i alliansregeringen för några år seda,u
Herr talman I katalogen för Kulturhusets Ordets a,u
Anf 154 JULIA KRONLID (SD) replik,intro
Herr talman Det går inte att ta miste på Birgitta,u
Jag har även sett att Birgitta Ohlsson hade en int,u
Vad jag förstår är det väldigt viktigt för dem som,u
Anf 155 BIRGITTA OHLSSON (L) replik,intro
Herr talman Efter att i 13 år ha varit tämligen e,u
Innehållsförteckning,note
 1 Justering av protokoll,note
 2 Anmälan om fördröjda svar på interpellationer,note
 3 Ärenden för hänvisning till utskott,note
 4 Svar på interpellation 201617334 om fjärrsty,note
Anf 1 Försvarsminister PETER HULTQVIST (S),note
Anf 2 ALLAN WIDMAN (L),note
Anf 3 Försvarsminister PETER HULTQVIST (S),note
Anf 4 ALLAN WIDMAN (L),note
Anf 5 Försvarsminister PETER HULTQVIST (S),note
Anf 6 ALLAN WIDMAN (L),note
Anf 7 Försvarsminister PETER HULTQVIST (S),note
 5 Svar på interpellation 201617335 om upploppe,note
Anf 8 Statsrådet ANDERS YGEMAN (S),note
Anf 9 KRISTER HAMMARBERGH (M),note
Anf 10 Statsrådet ANDERS YGEMAN (S),note
Anf 11 KRISTER HAMMARBERGH (M),note
Anf 12 Statsrådet ANDERS YGEMAN (S),note
Anf 13 KRISTER HAMMARBERGH (M),note
Anf 14 Statsrådet ANDERS YGEMAN (S),note
 6 Svar på interpellation 201617340 om uppfölj,note
Anf 15 Statsrådet ANDERS YGEMAN (S),note
Anf 16 SAILA QUICKLUND (M),note
Anf 17 Statsrådet ANDERS YGEMAN (S),note
Anf 18 SAILA QUICKLUND (M),note
Anf 19 Statsrådet ANDERS YGEMAN (S),note
Anf 20 SAILA QUICKLUND (M),note
Anf 21 Statsrådet ANDERS YGEMAN (S),note
 7 Svar på interpellation 201617347 om Polismy,note
Anf 22 Statsrådet ANDERS YGEMAN (S),note
Anf 23 KRISTER HAMMARBERGH (M),note
Anf 24 Statsrådet ANDERS YGEMAN (S),note
Anf 25 KRISTER HAMMARBERGH (M),note
Anf 26 Statsrådet ANDERS YGEMAN (S),note
Anf 27 KRISTER HAMMARBERGH (M),note
Anf 28 Statsrådet ANDERS YGEMAN (S),note
Ajournering,note
Återupptaget sammanträde,note
 8 Aktuell debatt om tryggheten i Sverige,note
Anf 29 TOMAS TOBÉ (M),note
Anf 30 Statsrådet ANDERS YGEMAN (S),note
Anf 31 TOMAS TOBÉ (M),note
Anf 32 ADAM MARTTINEN (SD),note
Anf 33 ANNIKA HIRVONEN FALK (MP),note
Anf 34 JOHAN HEDIN (C),note
Anf 35 LINDA SNECKER (V),note
Anf 36 ROGER HADDAD (L),note
Anf 37 SOFIA DAMM (KD),note
Anf 38 Statsrådet ANDERS YGEMAN (S),note
Anf 39 TOMAS TOBÉ (M),note
Anf 40 ADAM MARTTINEN (SD),note
Anf 41 ANNIKA HIRVONEN FALK (MP),note
Anf 42 JOHAN HEDIN (C),note
Anf 43 LINDA SNECKER (V),note
Anf 44 ROGER HADDAD (L),note
Anf 45 SOFIA DAMM (KD),note
Anf 46 Statsrådet ANDERS YGEMAN (S),note
Anf 47 TOMAS TOBÉ (M),note
Anf 48 ADAM MARTTINEN (SD),note
Anf 49 ANNIKA HIRVONEN FALK (MP),note
Anf 50 JOHAN HEDIN (C),note
Anf 51 LINDA SNECKER (V),note
Anf 52 ROGER HADDAD (L),note
Anf 53 SOFIA DAMM (KD),note
Anf 54 Statsrådet ANDERS YGEMAN (S),note
 9 Bordläggning,note
 10 Anmälan om interpellationer,note
 11 Anmälan om frågor för skriftliga svar,note
 12 Anmälan om skriftliga svar på frågor,note
 13 Kammaren åtskildes kl 1243,note
Skrivelse,note
20181928 Riksrevisionens rapport om nationellt f,note
Kammaren biföll talmannens förslag att motionstide,note
Kulturutskottets betänkande,note
201819KrU1 Utgiftsområde 17 Kultur medier tros,note
 14 Kammaren åtskildes kl 1743,note
Sammanträdet leddes,note
av tredje vice talmannen från dess början till och,note
av andre vice talmannen därefter till och med  5,note
av tredje vice talmannen därefter till ajournering,note
av andre vice talmannen därefter till dess slut,note
Vid protokollet,note
JOHAN WELANDER,note
Olof Pilo,note
201920604 Import av elenergi,note
av Lotta Olsson (M),note
till statsrådet Anders Ygeman (S),note
201920605 Finansiering av barnäktenskap,note
av AnnSofie Alm (M),note
till statsrådet Ardalan Shekarabi (S),note
201920606 Barnäktenskap,note
av AnnSofie Alm (M),note
till justitie och migrationsminister Morgan Joha,note
201920607 Frihetsberövande av barn som gifts bor,note
av AnnSofie Alm (M),note
till justitie och migrationsminister Morgan Joha,note
 12 Anmälan om skriftliga svar på frågor,note
Skriftliga svar på följande frågor hade kommit in,note
den 11 december,note
201920509 De nya slussarna i Göta älv,note
av Jörgen Hellman (S),note
till infrastrukturminister Tomas Eneroth (S),note
201920513 Riksväg 83,note
av Lars Beckman (M),note
till infrastrukturminister Tomas Eneroth (S),note
201920516 Bristfällig lastsäkring,note
av Thomas Morell (SD),note
till infrastrukturminister Tomas Eneroth (S),note
 13 Kammaren åtskildes kl 1432,note
Sammanträdet leddes av andre vice talmannen,note
Vid protokollet,note
ANDERS NORIN,note
Olof Pilo,note
Anf 129 CARLOSKAR BOHLIN (M) replik,intro
Fru talman Det finns tyvärr inte särskilt mycket,u
Dessutom är Sverige en suverän stat Och det här ä,u
Om regeringen tycker att frågan är för dåligt bere,u
Anf 130 EMMA HULT (MP) replik,intro
Fru talman Jag vet inte om CarlOskar Bohlin uppf,u
Regeringen lägger till fem kvadratmeter så att ma,u
Jag vill att vi reder ut det rättsliga läget inna,u
Vi behöver skapa fler bostäder Det här är ett led,u
Anf 131 LARRY SÖDER (KD) replik,intro
Fru talman Jag tvivlar inte på att Emma Hult både,u
Vi som vet hur planeringsprocesserna går till i ko,u
Det är därför jag talar om att det är viktigt att,u
En ny satsning på livsmedelsstrategin  varför int,u
Anf 193 ISAK FROM (S) replik,intro
Fru talman Tack för ett engagerat anförande Joh,u
Skötselunderskottet var John Widegren inne på Jag,u
Sedan har John Widegren ett ganska högt tonläge nä,u
Implementeringen av propositionen Gränser i skog s,u
Det finns ett antal andra åtgärder som man vidtog,u
Anf 194 JOHN WIDEGREN (M) replik,intro
Fru talman Ja här kommer det igen Ersättningsmö,u
Jag tycker att det resonemang man hör från Sociald,u
Moderaterna vill det inte Vi tror att skogen är e,u
Industriklivet kan bidra till att både Sverige och,u
Vi vill värna ett livskraftigt svenskt lantbruk i,u
Anf 58 JOHN WIDEGREN (M) replik,intro
Fru ålderspresident Tack Maria Gardfjell för i,u
Det är många gånger svårt att förstå Miljöpartiets,u
Man talar ofta om att vi behöver odla mer ekologis,u
Anf 59 MARIA GARDFJELL (MP) replik,intro
Fru ålderspresident Miljöpartiet har en lång rad,u
Det ekologiska lantbruket är starkt i Sverige och,u
Anf 60 JOHN WIDEGREN (M) replik,intro
Fru ålderspresident Jag fick egentligen inte svar,u
Miljöpartiet talar väldigt ofta om diverse subvent,u
I dag kan man minska fossilberoendet väldigt mycke,u
Det förefaller mig av detta uttalande som om fina,u
Vilka medel av finanspolitisk art som skall tillgr,u
Onsdagen den 20 mars 1957 fm,margin
Nr 9 31,margin
Meddelande av utrikesministern tillika svar på fr,title
sammanträda för behandling av samtliga föreliggand,u
Under debatten ägnades stor uppmärksamhet åt fråga,u
På det handelspolitiska området har intresset unde,u
Mot denna bakgrund återupptog dessa inom OEEC förs,u
ras om att frihandelssträvandena inom denna organi,u
Denna tullsänkningsplan kom emellertid aldrig upp,u
Förslaget beträffande frihandelsområdet syftade vi,u
Vad angår den inom OEEC igångsatta utredningen fö,u
14 Nr B 2,margin
Statsverkspropositionen m m,margin
joner kronor Lägges härtill bankernas innehav av,u
Jag har anfört dessa siffror för att bevisa hur fö,u
Tages även hänsyn till bostadskrediterna visar de,u
Jag har velat nämna dessa siffror så att centerpa,u
Nu invänder kanske någon att det har gått bra i a,u
Med hänsyn till att det nuvarande ftillståndet i V,u
Onsdagen den 2 juli 1958 fm,margin
Egentligen är det emot alla gamla regler att vi s,u
Hur kan det då komma sig att pengarna trots denna,u
Studerar man hur mycket de enskilda sparar blir i,u
16 Nr 8,margin
Fredagen den 13 mars 1959,margin
Om värdesäkring av vissa former av långsiktigt spa,margin
Den som bifaller vad bankoutskottet hemställt i s,note
Sedan kammarens ledamöter intagit sina platser sam,note
Då emellertid herr Ewerlöf begärde rösträkning ve,note
Ja  63 Nej  40,note
Därjämte hade 2 ledamöter tillkännagivit att de a,note
Föredrogos ånyo första lagutskottets utlåtanden,note
r 8 i anledning av en av justitieombudsmannen ti,note
r 13 i anledning av väckt motion angående ändrad,note
Vad utskottet i dessa utlåtanden hemställt bifölls,note
Anmäldes och bordlades följande till kammaren över,note
r 81 angående anslagsbehovet för budgetåret 1959,note
r 87 angående anslag till vissa byggnadsarbeten ,note
Anmäldes och bordlades,note
konstitutionsutskottets utlåtanden,note
r 4 i anledning av väckt motion angående remitte,note
r 5 i anledning av väckta motioner angående ändr,note
r 6 i anledning av väckt motion om nya former fö,note
r 7 i anledning av väckt motion om sådan ändring,note
r 8 i anledning av väckta motioner angående ansk,note
r 9 i anledning av väckta motioner angående tids,note
r 10 i anledning av Kungl Majts proposition me,note
sammansatta konstitutionsoch första lagutskottets,note
r 2 i anledning av väckta motioner angående ändr,note
r 3 i anledning av väckta motioner angående redo,note
statsutskottets utlåtanden,note
r 43 i anledning av Kungl Majts i statsverkspr,note
r 44 i anledning av Kungl Majts i statsverkspr,note
Onsdagen den 27 april 1960 fm,margin
Nr 14 35,margin
Ang ändring i lagen om folkpensionering m m,margin
ya änkepensionerna utan inkomstprövning medan i,u
Förslaget innebär vidare att barnpensioner å 1000,u
Propositionen ansluter sig i det väsentliga till r,u
Merkostnaderna för staten har beräknats till 306 m,u
I anledning av propositionen har väckts ett flerta,u
erna eftersom dessa i vissa fall innehåller lagt,u
Beträffande standardhöjningen yrkas i motionerna 1,u
I reservation nr IX av herrar Thorsten Larsson och,u
I reservation nr X av samma reservanter d v s ,u
Herr Thorsten Larsson har nu här i sitt anförande,u
När förslaget till folkomröstning utarbetades anga,u
102 Nr 30,margin
Onsdagen den 15 november 1961,margin
Försäkring för allmän tilläggspension m m,margin
emellertid inte förneka att gällande bestämmelser,u
Det är riktigt att systemet ännu varit så kort ti,u
I proposition nr 100 till 1959 års riksdag underst,u
de förutsättningar som angavs i 1959 års proposit,u
Jag har herr talman inget eget yrkande utan ber ,u
Herr FÄLLDIN (cp),intro
Herr talman Jag hade i fjol en motion angående de,u
32 Nr 14,margin
Fredagen den 30 mars 1962,margin
Ang särskilt stöd åt det mindre jordbruket,margin
a så att småbruket finge en förstärkning av det ,u
Efter den genomgång av de olika detaljerna som he,u
Jag vill sluta mitt anförande med några allmänna r,u
föreställa sig Jag vet inte hur många av kammare,u
Jag är väl medveten om att ett förbättrat småbruka,u
Herr SVANSTRÖM (cp),intro
Herr talman Jag skulle kunna nöja mig med att ins,u
100 Nr 27,margin
Onsdagen den 29 maj 1963 em,margin
Ang skolväsendets centrala ledning m m,margin
ånyo upplästs verkställdes till en början omröst,note
Då emellertid herr Peterson Eric Gustaf begärde ,note
Ja  91 Nej  37,note
Därjämte hade 11 ledamöter tillkännagivit att de ,note
Punkterna 7 och 8 Vad utskottet hemställt bifölls,note
Ång skolväsendets centrala ledning m m,title
Föredrogs ånyo statsutskottets utlåtande nr 146 i,note
I propositionen nr 144 hade Kungl Majt under åbe,note
Enligt Kungl Majts förslag skulle skolöverstyrel,note
I samband härmed hade utskottet till behandling fö,note
dels två likalydande motioner väckta den ena inom,note
dels två likalydande motioner väckta den ena inom,note
dels två likalydande motioner väckta den ena inom,note
dels två likalydande motioner väckta den ena inom,note
dels två likalydande motioner väckta den ena inom,note
dels två likalydande motioner väckta den ena inom,note
dels två likalydande motioner väckta den ena inom,note
dels ock en inom andra kammaren av herr Arvidson (,note
I motionerna I 750 och II 907 hade hemställts a,note
I motionerna 1 755 och II 914 hade anhållits at,note
30 Nr 5,margin
Onsdagen den 29 januari 1964,margin
Ang åtgärder för upplysning om tobaksrökningens s,margin
Det talas också om de betydande kostnader som riks,u
Jag vill än en gång erinra om den oro som allmänhe,u
I detta sammanhang vill jag uttala den förhoppning,u
Jag förstår mycket väl att inte alla genom propaga,u
Herr talman Jag vill till slut endast till statsr,u
Herr statsrådet ASPLING,intro
Herr talman Att mitt svar var kort beror på att d,u
Jag är enig med herr Schött på många punkter Jag,u
vetenskaplig kunskap och expertis på en rad olika,u
Det är givet att det är viktigt  jag antar att he,u
Jag säger detta därför att jag tror att det är myc,u
Herr SCHÖTT (h),intro
Herr talman Jag ber att få tacka statsrådet för h,u
Överläggningen ansågs härmed slutad,note
Vid föredragning av motionen nr 453 hänvisades de,note
Föredrogos och hänvisades,note
motionerna nr 454457 till konstitutionsutskottet,note
motionerna nr 458522 till statsutskottet,n
Vid föredragning av motionen nr 523 hänvisades de,n
60 Nr 3,margin
Vid remiss av statsverkspropositione,margin
met om utredningsfrågor utan om kampfrågor där de,u
Allmänt erkänns det att vårt land fortfarande har,u
År 1952 hade inemot hälften eller 483 procent av ,u
Vid denna jämförelse har hänsyn icke tagits till d,u
Tisdagen den 19 januari 1965 fm,margin
ödvändigt att skattepolitiken utformas på ett såd,u
Det kan emellertid inte vara riktigt att på förha,u
Ett oundgängligt inslag i denna inflationsbekämpni,u
Torsdagen den 24 mars 1966,margin
Nr 13 3,margin
Torsdagen den 24 mars,margin
Kammaren sammanträdde kl 1600,note
Justerades protokollet för den 18 innevarande måna,note
Anmäldes och godkändes andra lagutskottets förslag,note
r 95 i anledning av väckta motioner om ersättni,note
r 96 i anledning av väckta motioner om samordni,note
Ang utländska studerande i Sverige,title
Herr statsrådet och chefen för inrikesdepartemente,note
Herr talman Fru Ingrid Segerstedt Wiberg har fråg,u
I utlänningskungörelsen finns vissa särskilda best,u
ber Under andra tider på året kan sådan utländsk,u
Enligt ett generellt bemyndigande kan polismyndigh,u
De regler som jag har redogjort för nu är inte änd,u
I fråga om anställning som diskare eller köksbiträ,u
Fru SEGERSTEDT WIBERG (fp),intro
Herr talman Jag ber att få tacka för svaret som ,u
Då jag ställde frågan hade just pressen i Stockhol,u
Av svaret framgår att några egentliga nya svårighe,u
42 Nr 34,margin
Ang den ekonomiska politiken m m,margin
part är en väsentlig motor i vår ekonomiska utvec,u
Jag tror att vi har anledning  och vi har förrest,u
Det vore naturligtvis roligt att avge en skattepol,u
I det avseendet vill jag endast påpeka för herr Ho,u
Måndagen den 29 maj 1967 fm,u
kravet på full sysselsättning har en tyngd och e,u
Sedan vill jag gärna för att rätt skall vara rätt,u
Herr BENGTSON (cp) kort genmäle,intro
Herr talman Statsrådet Wickmans andra anförande v,u
Beträffande mervärdeskatten återgick han till de,u
24 Nr 38,margin
Onsdagen den 20 november 1968,margin
Onsdagen den 20 november,margin
Kammaren sammanträdde kl 1000,note
Justerades protokollet för den 12 innevarande måna,note
Ledighet från riksdagsgöromålen för att såsom ombu,note
Anmäldes och godkändes bevillningsutskottets försl,note
Herr TALMANNEN yVvttrade,note
Plenum fredagen den 22 november som i den prelimi,note
Föredrogs och hänvisades till statsutskottet Kungl,note
Föredrogs och hänvisades till lagutskott Kungl Ma,note
Föredrogos och hänvisades,note
motionen nr 1025 till bankoutskottet och,note
motionen nr 1026 till bevillningsutskottet,note
Ang sekretess vid psykologiska undersökningar i a,title
Föredrogs ånyo konstitutionsutskottets utlåtande ,note
I detta utlåtande hade konstitutionsutskottet beha,note
Kungl Majt hade bland annat förordat ett tillägg,note
I anledning av propositionen hade väckts en motio,note
Onsdagen den 3 december 1969 fm,margin
r 165 i anledning av motioner om det statliga st,note
r 166 i anledning av motioner om rätt för elev a,note
Vad utskottet i dessa utlåtanden hemställt bifölls,note
Ang den statliga trafikpolitiken m m,title
Föredrogs ånyo statsutskottets utlåtande nr 167 i,note
Till behandling i ett sammanhang hade utskottet fö,note
1) de likalydande motionerna 171 av herr Werner,note
2) de likalydande motionerna I 117 av herr Thors,note
3) motionen 1I197 av herrar Blomquist och Thorst,note
4) de likalydande motionerna 1 198 av herrar Tag,note
5) de likalydande motionerna I 202 av herr Skårm,note
6) de likalydande motionerna I 320 av herr Stra,note
7) de likalydande motionerna I 376 av herr Erik ,note
8) de likalydande motionerna I 603 av herrar Dah,note
9) de likalydande motionerna I 605 av herr Högst,note
10) de likalydande motionerna I 612 av herrar Ni,note
4 Första kammarens protokoll 1969 Nr 39,margin
Nr 39 49,margin
Ang den statliga trafikpolitiken m m,note
11) de likalydande motionerna I 615 av herr Joha,note
12) de likalydande motionerna 1 629 av herr Rika,note
I motionerna 171 och 1187 hade yrkats att riksd,note
I motionerna I 117 och II138 hade föreslagits a,note
I motionen I 197 hade hemställts att riksdagen h,note
I motionerna 1198 och II 216 hade anhållits att,note
I motionerna I 202 och II 222 hade yrkats att r,note
I motionerna I 320 och II 708 hade framställts f,note
1 uppmana pågående statliga utredningar inom traf,note
2 uppdraga åt trafikpolitiska delega,note
34 Nr 44,margin
Torsdagen den 10 december 1970 fm,margin
Tillämpning av allmänna prisregleringslagen tilli,margin
prisstoppet,margin
män prisreglering som inhämtats från de norska my,u
Möjligheterna att ingripa med prisreglering är enl,u
När det partiella prisstoppet i Sverige infördes b,u
Vad slutligen gäller behandlingen av ansökningar o,u
Drygt två tredjedelar av besluten innebar bifall h,u
Vidare har herr Åsling frågat statsministern hur m,u
Frågan har överlämnats till mig för besvarande,u
Det allmänna prisstoppet infördes i syfte att hejd,u
den av olika slag kommer att i positiv,u
Nr 75,margin
Tisdagen den 4 maj 1971,margin
Ang antalet sup,margin
pleanter för kommunfullmäktige,margin
30,margin
skulle ha kunnat finna en meningsfull sysselsättni,u
När det gäller tidpunkten för denna diskussion vil,u
Överläggningen var härmed slutad,note
 7 Ang antalet suppleanter för kommunfullmäktige,title
Herr civilministern LUNDKVIST erhöll ordet för att,note
Fru talman Herr Enlund har frågat mig om jag har,u
Sedan år 1970 kan kommunerna besluta att suppleant,u
I propositionen 129 år 1969 som låg till grund fö,u
Nr 121 förra propositionen vara med övervägande ja,note
Onsdagen de,margin
22 november 1972 Förslag till,margin
vallag m m,margin
Den som vill att kammaren bifaller konstitutionsut,note
den det ej vill röstar nej,note
Vinner nej har kammaren bifallit reservationen nr,note
Vid omröstning genom uppresning förklarades flerta,note
röstning gav följande resultat Ja  206 Nej 112,note
Mom b Propositioner gavs på bifall till dels utsk,note
begärt votering upplästes och godkändes följande v,note
Den som vill att kammaren bifaller konstitutionsut,note
den det ej vill röstar nej,note
Vinner nej har kammaren bifallit reservationen nr,note
Vid omröstning genom uppresning förklarades flerta,note
Ja 234 Nej 81 Avstår 3,note
Punkten 2 Utskottets hemställan bifölls,note
Punkten 3,note
Propositioner gavs på bifall till dels utskottets,note
Den som vill att kammaren bifaller konstitutionsut,note
100 Vinner nej har kammaren bifallit reservatione,note
m fl,note
Nr 42,margin
Onsdagen den 14 mars 1973,margin
Avdrag för resor,margin
med egen bil,margin
36,margin
arbetstid under det att den sistnämnde gör sina re,u
Skatteutskottets avstyrkande av vår motion måste v,u
1 Hur motiverar utskottet att resor till och frå,u
2 Eftersom man redan nu har ett likartat avdrag p,u
3 Hur motiverar utskottet att en särskild kostnad,u
Jag hoppas herr talman att utskottets företrädar,u
Herr CARLSTEIN (s),intro
Herr talman Enligt riksskatteverkets anvisningar,u
I motionen 17 och i reservationen krävs en generös,u
I motionen 127 av herr Enlund m fl krävs enhetli,u
Nr 126,margin
Torsdagen den 21 november 1974,margin
Om upphävande av etableringsstoppet för tandläkare,margin
Herr TORWALD (c),intro
Herr talman Först ber jag att å mina egna och ka,u
Låt mig som bakgrund till min fråga redovisa några,u
Jag är alltså mycket tacksam för det svar som stat,u
Herr socialministern ASPLING,intro
Herr talman Jag vill börja med att svara på de tv,u
Får jag därefter herr talman något kommentera de,u
Herr Ringaby började med att säga att han inte sku,u
Nr 30,margin
Onsdagen den 5 mars 1975,margin
Stöd till idrotte,margin
förekommer som måste övervinnas Denna misstro bot,u
I propositionen med anledning av idrottsutredninge,u
Av den anledningen återstår alltså en del organisa,u
Jag vill inte polemisera mot vännen Hans Alsén Ha,u
Som ledamot av Riksidrottsstyrelsen vill jag med a,u
Bidragsfördelningen till de utanför RF stående org,u
Herr Alsén påpekade att ett besvärligt läge skulle,u
I ett inlägg i budgetdebatten den 5 februari uttry,u
Nr 25,margin
Torsdagen den 11 november 1976,margin
Om den framtida,margin
sysselsättningen för anställda vid kärnkraftsbygge,margin
64,margin
berörda kommunerna Jag kommer själv från en såda,u
Statsrådet Johansson gav en alldeles felaktig bild,u
Det är naturligtvis ert av de stora problemen för,u
Lever de i den föreställningen att ansvarige minis,u
Jag har velat göra bilden av situationen riktig O,u
Herr SJÖNELL (c),intro
Herr talman Jag hade i förstone inte tänkt lägga,u
När herr Lidbom var statsråd var han känd för att,u
Det finns inga märkvärdiga komplikationer i detta,u
löst  det hade lösts av Akautredningen Nu har ,u
För vår del anser vi att det behövs en särskild vi,u
Herr talman I detta sammanhang är det utan tvivel,u
placera ersättningsbestämmelserna i en särskild la,u
För den som inte av ren vrånghet vill förvanska de,u
Herr talman Motionärerna och reservanterna gör et,u
Nr 107,margin
Torsdagen den 14 april 1977,margin
Särskilt tillstånd att tillföra kärnreaktor kärnbr,margin
53,margin
ombyggnad Kommunerna kommer således att tillföras,u
Småhusköparnas ställning måste stärkas utan att kr,u
Jag tolkar det svar jag fått på det sättet att sta,u
Bostadsministern ELVY OLSSON,intro
Herr talman Jag kan verkligen försäkra att jag se,u
Det är som Stina Eliasson säger så att energihus,u
Överläggningen var härmed slutad,note
 4 Om läromedelsinformatione,titel
Statsrådet BRITT MOGÅRD erhöll ordet för att besva,note
134 och anförde,note
Herr talman Margot Håkansson har frågat mig om ja,u
Låt mig inledningsvis erinra om att SIL inrättades,u
Nr 121,margin
Måndagen de,margin
17 April 1978,margin
Om läromedelsin,margin
formatione,margin
109,margin
Nr 33,margin
Onsdagen den 21 november 1979,margin
Användningen av kemiska medel i jordoch skogs,margin
bruket,margin
76,margin
centerpartister om hur de här frågorna först togs,u
I motionen tog jag upp handelsgödsel bly i bilavg,u
Men herr talman jag begärde i första hand ordet ,u
Några synpunkter bör anföras på den svårighet som,u
Bengt Silfverstrand försöker bagatellisera de insa,u
Om man tar ut 1 000 m vatten med 50 mg nitrat per,u
Jag tycker att det är att bagatellisera problemet,u
Vi har alla under valet upplevt debatten om följde,u
har ställt nämligen frågan om en kärnvapenfri zo,u
Jag vill också ge utrikesministern en eloge Jag t,u
Som vi alla känner till händer det väldigt litet p,u
Fredagen den 12 december 1980,margin
Om en kärnvapenfri zon i Norden mm,margin
konstruktiva lösningar även när nästan ingen längr,u
Det mesta som sker på detta område är således myck,u
Skall man försöka finna något positivt är det väl,u
I detta läge när nedrustningsförhandlingarna inte,u
Riksdagen har lagt fast målsättningen för nedrust,u
Det har emellertid hittills inte från svensk sida,u
Nr 163,margin
Onsdagen den 10 juni 1981,margin
Industripolitikens inriktning m m,margin
16,margin
äringslivet Vinst har man betraktat som någonti,u
Innehållet i de olika reservationerna i övrigt har,u
Som det har sagts många gånger tidigare är det de,u
I fråga om det nordiska samarbetet som Jörn Svens,u
Med detta vill jag herr talman yrka bifall till ,u
Anf9 HUGO BENGTSSON (s) replik,intro
Herr talman Johan Olsson konstaterade att den sve,u
När nu Johan Olsson konstaterar att den svenska ek,u
I fjol Johan Olsson minskade antalet industriarb,u
förtroendet att hantera sekretessfrågorna men mot,u
Att datainspektionen är försiktig och håller ige,u
Andre vice talmannen anmälde att Knut Wachtmeister,note
Anf 34 SVENGÖSTA SIGNELL (s),intro
Herr talman En mycket viktig del i alkoholpolitik,u
Jag är inte kritisk mot kampanjernas utformning u,u
Jag kan med glädje konstatera att jag från många m,u
Nr 132,margin
Onsdagen den 28 april 1982,margin
Alkoholoch nar,margin
kotikamissbruket,margin
m m,margin
43,margin
Nr 30,margin
Onsdagen den 23 november 1983,margin
Åtgärder mot försurninge,margin
96,margin
aturvårdsverket har vi inte reserverat oss just p,u
I yrkande 4 i vår motion tar vi upp försurningens,u
Vi har också tagit upp frågan om kontroll av drick,u
Herr talman Med det nu anförda yrkar jag bifall t,u
Anf 115 KERSTIN ANDERSSON (c),intro
Herr talman Försurningen är ju som tidigare påta,u
De som varit i Västtyskland och sett skogen där är,u
Mittenregeringens förslag om begränsning av svavel,u
Eftersom det inte har fattats något säkert beslut,u
Nr 44,margin
Onsdagen den S december 1984,margin
Frioch rättighetsfrågor,margin
42,margin
Anf 40 FÖRSTE VICE TALMANNEN,note
Konstitutionsutskottets betänkanden 8 11 12 och ,note
Först upptas alltså konstitutionsutskottets betänk,note
Frioch rättighetsfrågor,title
Anf 41 ANDERS BJÖRCK (m),intro
Fru talman Konstitutionsutskottets betänkande 198,u
I växande utsträckning har ett allt maktfullkomlig,u
Vad gäller yrkesfriheten kan vi se på utvecklinge,u
Denna lista skulle kunna göras mycket lång Men ja,u
Det är mot denna bakgrund som det i motioner frå,u
Det bör kanske påminnas om att ett positivt erkä,u
förpliktelser mot ett litet land som befinner sig,u
Överläggningen var härmed avslutad,note
4  Svar på fråga 198485527 om bilstödet åt hand,title
Anf 8 Socialminister STEN ANDERSSON,intro
Herr talman Pär Granstedt har frågat mig om reger,u
Riksdagen har den 28 mars 1985 enligt regeringens,u
Jag avser att framöver återkomma till frågan om bi,u
Anf 9 PÄR GRANSTEDT (c),intro
Herr talman Jag ber att få tacka socialminister,u
En egen bil och då en bil som är anpassad till de,u
Reglerna för bilstöd åt handikappade är  även eft,u
Detta är sorgligt för de berörda handikappade som,u
För många handikappade blir alternativet att i sto,u
3 Riksdagens protokoll 198485142145,margin
Nr 143,margin
Måndagen de,margin
13 maj 1985,margin
Om bilstödet åt,margin
handikappade,margin
33,margin
Prot 19868732,margin
20 November 1986,margin
Jämställdhet,margin
116,margin
området inom den offentliga sektorn där det går så,u
Anf 178 GÖREL THURDIN (c),intro
Herr talman Margareta Winbergs inlägg var väldigt,u
de under antiken Men år 1933 tog centerkvinnorna,u
Det var en sak som jag hakade upp mig på Margaret,u
Vi har omfattande projekt på gång för att få flick,u
Sedan tror jag faktiskt att vi får be de manliga r,u
Anf 179 MARGARETA WINBERG (s),intro
Herr talman Först till den senaste talaren här D,u
Det här med jämställdhetsarbetet under antiken är,u
Ingrid Hemmingsson hade inte läst artikeln i fråga,u
Jag vill bara att Ingrid Hemmingsson svarar på frå,u
Anf 180 GÖREL THURDIN (c),intro
Herr talman Även jag tycker att den offentliga se,u
Prot 198687100 2 april 1987,margin
Allmän kulturverksamhetm m,margin
122,margin
liknande exempel från andra delar vilket ytterlig,u
Anf 154 CATARINA RÖNNUNG (s),intro
Herr talman Jag skall kortfattat beröra kulturuts,u
Statens stöd till kulturarbetare kommer nästa budg,u
Herr talman Kulturarbetarnas ekonomiska situatio,u
Den viktigaste reformen mätt i pengar i kulturbu,u
KRO önskar att även deras medlemmar skall få förha,u
Utskottet anser att staten har ett ansvar för utst,u
Folkpartiet och centern anser att ersättning bör u,u
Utskottet anser att under anslaget Bidrag till ko,u
198788356 av Margareta Mörck (fp) om Skånska Tea,note
Fredagen den 19 februari Kompletteringsväl till ut,note
7 74,note
TS,note
Hvad det andra skälet beträffar eller att genom bo,u
Nr 24,margin
Angående ändring af vissa paragraferi värnpliktsla,margin
12 Onsdagen den 29 mars f m,margin
Man kan ju sätta i fråga hvarför Kungl Majt var,u
Man har invändt att antagandet af detta lagförsla,u
Man har vidare antydt att antagandet af detta lag,u
Lördagen den 17 februari 21,margin
annat på Kungl Majts behandling beroende lagstif,u
Om man summerar ihop de nu angifna synpunkterna s,u
Nr 8,margin
Ang ändring i förordningen om tiodrig preskriptio,margin
Nr 38,margin
Angående anteckning i kyrkobok av lekmannadop,margin
(Forts),margin
24 Lördagen den 26 april e m,margin
och säger ifrån hur det är Om jag vädjar till ka,u
Vi se saken så och hålla före att det är en ordni,u
Herr Månsson,intro
Herr talman mina herrar Det är ju så att vi oft,u
som här hava uttalats På samma gång må man dock ,u
att de frikyrkliga i sin tur visa tillmötesgående,u
Onsdagen den 21 januari 3 Nr d,margin
Härefter vidtogs enligt givna bestämmelser fördel,note
herr Åström från nationella partiet  Berglund,note
Företogs val av tio suppleanter i bevillningsutsko,note
Härpå bestämdes till den utsträckning som för uts,note
För nationella partiet uppfördes såsom,note
ar 1 herr Östberg Johan,note
 2  Danström,note
  Hallin,note
  Knaust,note
  Forssmann,note
  Magnusson Carl Th   Bondeson,note
vilka sju namn i denna följd upptagits å gruppens ,note
r 1 herr Ljunggren Elof  2  Nilsson Karl Aug,note
vilka tre namn i denna följd upptagits å gruppens ,note
vilket enda namn förekom å gruppens alla valsedlar,note
 FP OVR 02,note
Nr 6,margin
Remiss av 7,margin
statsverksropositionen (Forts),margin
38 Lördagen den 23 januari,margin
ligen exporten fortgått hela tiden men exportmöjl,u
Om icke exporten får fortgå bliver naturligtvis f,u
Det nu sagda gäller om nötkreatursexporten Men de,u
Här har emellertid sagts att ett exportförbud mås,u
Nr 82,margin
50 Lördagen den 3 juni f m,margin
Lagförslag säkring Huru som helst säkert är att,margin
för olycksfall i arbete,margin
(Forts),margin
dustrier för vilka en sådan tunga kan bliva rent ,unknwon
Herr greve och talman jag tillåter mig medan jag,u
Då både principiella och praktiska skäl tala mot e,u
Herr von Koch,"intro, u"
Herr talman mina herrar Det var med stor tillfre,u
Nr 28,margin
36 Onsdagen den 7 mars,margin
Ang utarreadessa bestämmelser tillämpats ute i pr,margin
dering av,margin
prästerskapets,margin
löneboställen (Forts),margin
melsers tillämpning framgår av motionen som belys,note
Nu kan mot de exempel jag anfört riktas den anmärk,u
Tisdagen den 17 december e m 5,margin
Jag skall nu övergå till den paragraf som man ege,u
Sedan har jag i fråga om landstingsmannavalen före,u
Detta är den första delen av motionen TI den andr,u
Sedan har jag i avseende å kvinnans rösträtt också,u
Nr 18,margin
Om den kommaunala rösträtten m m,margin
(Forts),margin
Nr 39,margin
44 Lördagen den 17 maj e m,margin
Lönereglering att de frågorna måste betraktas ur s,margin
för provinsial,margin
läkare m m (Forts),margin
får man icke lägga på vanliga synpunkter utan all,u
Nu har man om förhållandena i Norrland påpekat at,u
Då frågan behandlades i statsutskottet förde man ,u
Nr 66,margin
52 Lördagen den 29 maj f m,margin
Ang ändrad tera min motion så bör han läsa den r,margin
ringsformen (Forts),margin
Nu är det uppenbart att den nya kyrkoteori som m,u
Vad skulle då beviset vara för att kyrkan icke är ,u
argumenteringen vill jag icke närmare gå in på  d,u
professor Linderholm underkastat hela denna teori,u
Men reservanterna och särskilt den reservation so,u
Nr 60,margin
Ang understöd åt nykterhetsnämnderna m m,margin
(Forts),margin
10 Måndagen den 13 juni f m,margin
ärmare bestämmelser som kunde av Kungl Majt fa,u
a) på tilläggsstat för år 1921 ett förslagsanslag,note
b) å 1922 års stat ett förslagsanslag högst 100,note
av herr Ollas A Ericsson,intro
Efter föredragning av utskottets hemställan yttrad,intro
Herr Jansson i Falun,intro
Herr talman Den motion som här är väckt av herra,u
Gent emot dessa påståenden vill jag endast framhål,u
Gent emot talet om att det är enskilda motionärer,u
Med hänvisning i övrigt till den synnerligen utför,u
Herr Anderson i Råstock,intro
Ja herr talman den nu sist anförda omständighete,u
Onsdagen den 26 april 23 Nr 27,margin
Han har icke bestritt att om lagen nu antages oc,u
jag mitt yrkande,u
Herr Petrén Alfred,intro
Endast ett par ord Greve Spens nämnde i sitt förs,u
Huruvida på grund av lagens utvidgning  den bästa,u
Efter det överläggningen förklarats härmed slutad,u
Nr 18,margin
2 Lördagen den 17 mars f m,margin
r 132 med förslag till bestämmelser angående arv,note
r 133 angående ändrad lydelse av rubrikerna nr 1,note
r 134 med förslag till förordningar om dels ändr,note
r 136 angående tecknande av aktier i ett för öve,note
r 137 med förslag till kungörelser angående dels,note
r 138 angående tillfälliga lönetillägg åt vissa ,note
r 139 angående upplåtelse av rätt till stenbryt,note
r 142 med förslag till lag om vissa ändringar i ,note
r 143 med förslag till förordning om ändrad lyde,note
r 147 angående årligt understöd å allmänna indra,note
r 167 med förslag till förordning om ändrad lyde,note
r 168 med förslag till förordning om vissa ändri,note
r 169 angående viss ändring i gällande bestämmel,note
Anställdes vat av tio suppleanter i riksdagens sär,note
Onsdagen den 14 maj f m 33 Nr 35,margin
så inte kan genom en skyhög tull helt tvärt avskär,u
Andra kammarens protokoll 1924 Nr 35 3,margin
Nr 33,margin
2 Tisdagen den 12 maj,margin
Majts föreliggande proposition nr 227 kan jag ic,u
Av uppgifterna å sidan 9 i den kungl propositione,u
Efter dessa upplysningar vågar jag nu tillräkna mi,u
Innevarande års officiella renräkning ger vid hand,u
Att ett dylikt sakförhållande först nu och därtill,u
För mig vill det emellertid synas att man efter l,u
Onsdagen den 10 mars f m 45,margin
olika delarna av densamma stod det för mig klart,u
Nu har herr justitieministern här klargjort åtskil,u
När det gäller denna förflyttning av kyrkoärendena,u
Men det är en annan sak som man här skulle kunna ,u
Nu är det så att utskottet i sitt betänkande ocks,u
När jag då ser frågan från den synpunkten och ser ,u
Då det nu gäller att avgöra vilket av dessa båda ,u
Nr 16,margin
Ang lag om slatsdepartcmenten,margin
(Fortw),margin
RIKSDAGENS PROTOKOLL 1927 Första kammaren Nr 32,title
Torsdagen den 19 maj f m,title
Kammaren sammanträdde kl 11 f m,note
Föredrogos men bordlades ånyo på flera ledamöters,note
Föredrogs ånyo första lagutskottets memorial nr 43,note
Sedan kamrarna fattat skiljaktiga beslut rörande f,note
örfallit,note
Enligt utskottet tillhandakomna protokollsutdrag h,note
Med anledning av vad sålunda förekommit hade utsko,note
gande memorialet hemställt till första kammaren a,note
Till följd härav föredrogs nu ånyo sistnämnda memo,note
Herr Åkerman,intro
Herr vice talman Jag får hemställa att första ka,u
Efter härmed slutad överläggning lades första lagu,note
Föredrogs men bordlades ånyo på flera ledamöters ,note
Fortsattes överläggningen rörande punkten Ba4 av,note
Första kammarens protokoll 1927 Nr 32 1,margin
Ang slaktlagsfrågan,margin
Ang omorganisation av det högre skolväsendet,margin
(Forts),margin
Onsdagen den 23 maj e m 69,margin
under året uppgick till 300 kubikmeter utgör allt,note
I fortsättningen avverkar han därefter jämnt tillv,note
5 I avseende å hemmavarande barn gäller att bar,note
äg sbögan bestämmes efter förhållandet vid taxeri,note
6  Till avdragsgill underhållskostnad räknas bl,note
Skyddsdikning å skogsmark därför avdrag får ske ,note
Sedan paragrafen med anvisningar föredragits anfö,note
Herr Brännström,intro
Herr talman Vid denna paragraf där det förekommer,u
Jag vill då först säga några ord om skogsbeskattni,u
Nr 87,margin
Ang kommunalskattelag mm,margin
(Forts),margin
Nr 438,margin
Ang förordning om Svenska bostadskreditkassan,margin
(Forts),margin
140 Lördagen den 1 juni e m,margin
70 öre och i Göteborg för inemot 6000000 kronor,u
Nu resonerar majoriteten så att man kan gott avsl,u
Jag vill sluta med detta Samtidigt som jag vill f,u
Jag vill därpå på det livligaste hemställa till ka,u
Herr Ekman,intro
Herr talman Jag vill säga att det nog är alldele,u
Det är slutligen egendomligt att i samma ögonblic,u
När som här är fallet förslaget därtill grundar ,u
Nu förmodar jag emellertid att saken är avgjord ,u
Nr 35,margin
Ang vissa sociala jordfrågor (Forts),margin
148 Lördagen den 17 maj e m,margin
kunna sammankoppla dessa ting Vidare talade herr ,u
Herr Spångberg Tillåt mig till sist med anledning,u
Sedan säger herr Spångberg att jag väntar så oerh,u
Nr 4,margin
Statsuerks,margin
proposutonen,margin
(Forts),margin
20 Lördagen den 17 januari,margin
FE låtit göra en mycket grundlig undersökning och ,u
Man syftar naturligtvis om man går längst tillbak,u
År 1925 börjades motionerandet i riksdagen rörande,u
Följande år återkommo samma motionärer Även då gä,u
Följande år eller 1927 återkommo motionärerna ige,u
Följande år eller 1928 återkommo motionärerna ige,u
Såvitt jag kunnat utröna är detta i korthet histo,u
Nr 48,margin
Ang tull å vissa slag av fisk m m (Forts),margin
70 Onsdagen den 25 maj e m,margin
Norge stor och priserna pressas ner genom den hår,u
När jag var i mitt hem nu i pingst sammanträffade,u
Vi hava nu icke begärt någon hög tull En krona pe,u
Vi äro övertygade om att det krav som härigenom ,u
Ja fiskarbefolkningen har ett ganska ansträngande ,u
För min del kan jag icke inse att vare sig dessa ,u
Onsdagen den 3 maj Nr 33 29,margin
Föredrogs ånyo konstitutionsutskottets utlåtande ,note
I en inom första kammaren väckt till konstitutio,note
Utskottet hade i det nu ifrågavarande utlåtandet p,note
Herr Lindhagen,intro
Herr talman Jag yrkar bifall till motionen,u
Greve Spens,intro
Jag ber att få yrka bifall till utskottets hemstäl,u
Efter det överläggningen förklarats härmed slutad,note
Föredrogs ånyo konstitutionsutskottets utlåtande ,note
I en inom första kammaren väckt till konstitutio,note
Utskottet hade i det nu förevarande utlåtandet ytt,note
Det i motionen framställda förslaget om svenskt i,note
Herr Lindhagen,intro
Herr talman Det föreföll mig vid den sista omröst,u
Greve Spens,intro
Jag ber att få yrka bifall till utskottets förslag,u
Överläggningen ansågs härmed slutad varefter enli,note
Ang världsfredens problem och folkens samverkan,margin
Ang utrikespolitikens kompletterande med ett syss,margin
Om kompetensvillkor för idkande av hantverk mm,margin
32 Nr 24 Lördagen den 14 april,margin
Föredrogos ånyo bevillningsutskottets betänkanden,note
r 23 i anledning av väckt motion om höjning av d,note
r 24 i anledning av väckta motioner angående änd,note
Vad utskottet i dessa betänkanden hemställt biföll,note
Föredrogs ånyo första lagutskottets utlåtande nr 4,note
I två likalydande till lagutskott hänvisade motio,note
Utskottet hade i det nu ifrågavarande utlåtandet a,note
Reservation hade avgivits av utom annan herr Li,note
Herr Wohlin,intro
Herr talman Det finns många som föreställa sig a,u
48 Nr 38 Lördagen den 1 juni f m,margin
Ang lag om vissa ekonomiska stridsåtgärder (Fort,u
Detta är några synpunkter som jag anser borde fra,u
Sedan skall jag inskränka mig till endast en ytter,u
Med ett ord sagt här har vuxit upp en helt ny ko,u
86 Nr 13 Lördagen den 29 februari e m,margin
Ang lag om skuldebrev m m (Forts) logisk tillä,u
Jag skulle möjligen kunna ha varit med om att för ,unkown
Herr talman Jag skall vidare tillåta mig beröra d,u
2 Nr 17 Tisdagen den 9 mars 1937,margin
 4 Herr statsrådet PehrssonBramstorp avlämnade ,"title,note"
r 186 angående ersättning till förre kontoriste,note
Dessa propositioner bordlades,note
 5,title
Föredrogos var för sig Kungl Majts å kammarens b,note
till konstitutionsutskottet propositionen nr 169,note
till bevillningsutskottet propositionen nr 176 m,note
till statsutskottet propositionen nr 164 angåend,note
till bevillningsutskottet propositionen nr 175 m,note
till behandling av lagutskott propositionen nr 18,note
till jordbruksutskottet propositionerna,note
r 166 angående ytterligare statsunderstöd till v,note
r 167 angående lindring i köpevillkoren vid förs,note
r 168 angående disponerande av avkastningen av s,note
r 181 angående fortsatt reglering av tillverkni,note
till behandling av lagutskott propositionerna,note
r 156 med förslag till lag om lagsökning och om ,note
r 172 med förslag till förordning angående ändri,note
r 180 med förslag till förordning om ändrad lyde,note
till statsutskottet propositionen nr 185 angåend,note
 6,title
Vidare föredrogos var efter annan de på kammarens ,note
Lördagen den 21 maj 1938 Nr 36 17,margin
Ang viss ändring i tryckfrihetsförordningen (For,u
Jag skall be att få erinra om att vad vi nu ha att,u
Detta är i alla fall den ståndpunkt som intagits ,u
Vidare ha vi ett uttalande när den nya strafflage,u
Det finns ingenstädes utsagt att detta bara skall,u
Första kammarens protokoll 1938 Nr 36 2,margin
924 Nr 6 Onsdagen den 27 september 1939,margin
Ang vissa åtgärder för reglering av prisbildninge,u
tet är sålunda ense om att man skall differentier,u
Jag tror att den som själv fått ta del av den mot,u
6 Nr 18 Onsdagen den 4 december 1940,margin
Ang civila värnpliktigas rätt till terminslön (F,u
Herr statsrådet Sköld,intro
Jag hemställer allenast herr talman att få göra ,u
Vidare vill jag fästa frågarens uppmärksamhet på a,u
Slutligen vill jag påstå att jag anser mig ha ge,u
Jag för min del anser det inte alls nödvändigt att,u
Herr Lindblom,intro
Herr talman Med anledning av herr statsrådets se,u
Vad sedan beträffar tjänstgöringens art är det up,u
Onsdagen den 19 februari 1941 f m Nr 9 21,margin
Ang inskränkningar i tryckfriheten under krig m ,u
Kungl Majt möjlighet att vid krig eller krigsfar,u
När vi sedan fingo ett nytt krig på hösten 1939 u,u
Efter det finska kriget kommo så de märkliga hände,u
Nu tycks det på regeringshåll finnas en uppfattni,u
Det är en vanföreställning att tro att man kan g,u
Lördagen den 21 mars 1942 Nr 13 71,margin
Anslag till förstärkning av ofullständiga jordbruk,u
Herr statsrådet PehrssonBramstorp,intro
Herr talman Om kammarens ärade ledamöter ha lyss,u
I detta sammanhang vill jag erinra herr Andersson ,u
Herr Tjällgren,intro
Herr talman På grund av den långt framskridna tid,u
16 Nr 19 Onsdagen den 26 maj 1943,margin
Om rättvisare fördelning av beredskapsinkallelser,u
Till sist tar jag fasta på statsrådets försäkran a,u
Jag skall nöja mig med dessa reflexioner med hänsy,u
Herr Elofsson Gustaf,intro
Herr talman Jag skulle vilja tillägga ett par ord,u
Försvarsministern framhöll att genom det nya regi,u
Det är därför välbetänkt om försvarsministern ge,u
Häri instämde herr Friggeråker,note
Föredrogs och hänvisades till behandling av laguts,note
Onsdagen den 17 maj 1944 fm Nr 18 53,margin
Vissa byggnadsfrågor berörande staden mellan broar,u
i Stockholm m m (Forts) menar att man vid pla,u
Sannolikt skulle man väl kunna skaffa motsvarande ,u
Den huvudsakliga invändning som rests mot förslag,u
Vidare är att märka att den bebyggelse som det hä,u
Allmänheten måste också av resolutioner och tidni,u
När man nu åberopar den kraftiga opinion som har m,u
Onsdagen den 21 februari 1945 Nr 9 47,margin
Motioner om avskaffande av den allmänna omsättning,title
Utskottet menar emellertid inbe bara att omsättni,u
Jag kan inte för ett ögonblick dela en sådan uppfa,u
Jag betraktar det som ur social synpunkt betänklig,u
Bevillningsutskottet söker såsom jag framhöll nys,u
Herr Hagberg i Malmö åberopade även prisrabatterna,note
Onsdagen den 20 november 1946 Nr 37 19,margin
Svar på interpellation (Forts) dessa erhållit si,title
Jag vill avsluta min redogörelse med några ord om ,u
De principer på vilka det i nya RB reglerade förf,u
I början av detta år begärde och erhöll jag Kungl,u
Nämnden har även i uppgift att utarbeta erforderli,u
Sammanfattningsvis vill jag framhålla att jag anse,u
Härpå yttrade,note
Herr Wiberg,intro
Herr talman Till herr statsrådet och chefen för J,u
4 Nr 9 Onsdagen den 26 februari 1947,margin
Föredrogs ånyo och företogs punktvis till avgörand,note
Ang an Punkten a) äillnings  a förhållandena ,"margin,note"
för viss biav vad i statsrådsprotokollet över fina,"margin,note"
trädespersoförts samt med avslag å motionerna I17,"margin,note"
al mm Majt giva till känna vad utskottet anfö,"margin,note"
I motiveringen hade utskottet bland annat uttalat ,note
Reservationer hade anmälts,title
1) av herr Rubbestad vilken ansett att utskottet,note
2) av herr Mannerskantz som dock ej antytt sin me,note
Herr Mannerskantz,intro
Herr talman Under detta utlåtande har jag avgivit,u
Därutöver är det en annan punkt där jag har haft ,u
46 Nr 16,margin
Inrättande av en fiskeristyrelse m m,title
Man kan väl dock inte säga att Göteborg är att räk,u
Jag fäster mig särskilt vid ett yttrande som min ,u
Jag skall inte uppehålla tiden längre eftersom ti,u
Herr UTBULT,title
Herr talman Herr Larsson i Karlstad sade att ha,u
Onsdagen den 28 april 1948 fm,margin
son i Karlstad alltså har läst hela betänkandet oc,u
Frågan om fiskets administration från statlig synp,u
Herr Larsson i Karlstad vill göra gällande att de,u
De nya uppgifter som komma att åvila den föreslag,u
60 Nr 25,margin
Onsdagen den 26 oktober 1949 fm,margin
Vid remiss av Kungl Majts propositioner nr 2152,title
Men om det nu är på detta sätt kan man ju fråga si,u
Jag vet mycket väl att mejeriorganisationen inte ,u
För övrigt vill jag erinra om vad som sagts i andr,u
Man läser i propositionen nr 216 i alla fall att ,u
ping och skall därför inte taga upp saken här Jag,u
För övrigt skulle jag om propositionen nr 216 vilj,u
På s 4 redogöres i propositionen för vad som yttr,u
Nu finner man emellertid på s 17 angående grunder,u
Onsdagen de,margin
elementära mänskliga rättigheterna Men då kriste,u
Jag är angelägen om att detta icke får tolkas som ,u
Om jag alltså har angivit mina utgångspunkter  de,u
En fullständig boskillnad mellan politik och kultu,u
15 mars 1950 Nr 10 59,margin
Om statskyrkosystemets avskaffande men visat sig ,title
Man kommer alltså närmast fram till den frågeställ,u
Om man skall kunna svara på frågan om staten kan ,u
Ett historiskt faktum är emellertid också att kyr,u
Tyvärr har kyrkan allt fortfarande till synes svår,u
58 Nr 35 Investeringsavgift m m,margin
eller beredskapsändamål eller som tillkommit på di,note
Enligt utskottets förslag skulle 7 8 avfattas på f,note
investeringsavgift skall  med undantag som i andr,note
Har vid sådant förvärv av tillgång som utgör avgi,note
När fråga är om avgiftspliktig investering i form ,note
Onsdagen den 12 december 1951 fm,margin
mande fall minskat med särskilt maskinvärde som b,note
Investeringskostnad för reparationer skall beräkna,note
Sammanlagda beloppet av kostnaderna för en avgifts,note
I den av herr Petrén m fl avgivna reservationen ,note
Investeringsavgift skall  med undantag som i andr,note
Beträffande avgiftspliktig investering i form av r,note
Onsdagen den 13 februari 1952,margin
Nr 5 39,margin
Tiden för firandet av Marie bebådelsedag midsomma,title
faller under tiden den 31 oktoberden 6 november,note
Denna lag träder i kraft den dag Konungen bestämme,note
I samband med propositionen hade utskottet till be,note
I motionen II 232 hade föreslagits att riksdage,note
Utskottet hemställde,note
A att riksdagen måtte bifalla förevarande proposi,note
B att motionen II 73 icke måtte föranleda någon ,note
C att motionen II 232 icke måtte föranleda någo,note
Reservationer hade avgivits,note
1) av fru Nordgren utan angivet yrkande,note
2)av herrar Nils Elowsson Wistrand och Uhlén fru,note
färdsdags avförande som fristående helgdagar och i,note
firande å närmast infallande söndagar,note
Utskottets hemställan föredrogs och yttrade därvi,note
Fru JOHANSSON i Norrköping,intro
Herr talman Det förslag till kalenderreform som ,u
Majts förslag i propositionen i samma ämne nämli,u
Arbetstidsutredningen hade ju också att ta hänsyn ,u
När vi togo ställning till dessa frågor i utskotte,u
Men om man bortser från de kyrkliga synpunkterna m,u
52 Nr 11,margin
Onsdagen den 23 mars 1953 fm,margin
Sänkning av anslagen under fjärde huvudtiteln,title
jag tror inte att militära vapen kanoner och dyli,u
Från Europas sida visar man på Sovjetunionen och s,u
Vad herr Hagberg här åsyftade var väl den överensk,u
Sovjetunionen har ju en väldig militär utbildning,u
visat här så många gånger Det kanske skulle kunna,u
För vår del börjar vi överskrida gränsen för vad v,u
Dessa omkring 70 miljoner kronor är naturligtvis i,u
72 Nr 13,margin
Onsdagen den 7 april 1954,margin
Om vissa ändringar beträffande fastighetsbeskattni,title
blir alltså att fördela dessa 100 kronor på 50 läg,u
Om man kommer till den stora massan av hyresgäster,u
Nyss stod en talesman för folkpartiet och talade o,u
som är viktigt i all beskattning  och detta sades,u
att beskattningen var rättvis och drabbade alla li,unknown
Vilka skulle nu verkningarna i kommunerna bli om ,u
utdebiteringen i kommunalskatt  kanske inte med 3,u
I varje fall måste man ge dessa sommarvilleorters ,u
Om fastighetsskatten helt avskaffades skulle det ,u
Hur skulle det nu bli för villaägarna och egnahems,u
Hur skulle det bli för dem som inte är villaägare ,u
Damerna och herrarna har ju sig bekant att folkpa,u
Torsdagen de,margin
ra synpunkten framstått såsom mindre lämpliga Det,u
Just frågan om resningsinstitutet har under senare,u
Herr ALEXANDERSON (fp),intro
Herr talman I likhet med justitieministern kan ja,u
Interpellanten ansåg att man i Överrätt borde ha s,u
15 december 1955 Nr 32 21,margin
Ang handläggningen av resningsärende,title
har fått sin sak avgjord och dömd på ett visst sät,u
Beträffande mål som är handlagda efter äldre rätt,u
Herr ANDERSON CARL ALBERT (s),intro
Herr talman Jag ber herr Alexanderson om tillgift,u
Herr Alexanderson säger att därest resningsansöka,u
44 Nr 2,margin
Statsverksprepositionen m m,title
kar i rätt riktning har emellertid konsumtionseft,u
Torsdagen den 19 januari 1956 fm,margin
starkare än större privata företag med deras mere,u
